,store,address,phone
0,가곡수동,경기도 남양주시 수동면 비룡로 716,031-595-9294
1,가능,"경기도 의정부시  신촌로 77, 1층(가능동 186-5)",031-871-9294
2,가락,서울특별시 송파구 가락본동 송파대로30길 41-34,02-431-9492
3,가산,서울특별시 금천구  가산동 149-13 노블리움 제2동 101호,02-869-9294
4,가양,서울특별시 강서구 가양동 1479-3번지 1층 104호,02-3665-9949
5,가정,"인천광역시 서구  염곡로498번안길 11-1, 101호(가정동 613-15)",032-568-9294
6,가정2동,"인천광역시 서구  가정로 437, 302동 118호(가정동, 루원시티 SK 리더스뷰)",032-577-9492
7,가좌1호,"인천광역시 서구 화도읍 장고개로337번길 16, 402동 101호(가좌동) ",032-574-9288
8,가평,"경기도 가평군 가평읍 오리나무길 41-15,1층",031-581-9288
9,가평글램핑,경기도 가평군 가평읍 북한강변로 272-1,031-582-9492
10,간석,인천광역시 남동구  경인로 602(간석동 320-10),032-428-9492
11,갈마2동,"대전광역시 서구  대덕대로 115, 1층(갈마동)",042-533-7918
12,갈말,강원도 철원군 갈말읍 명성로139번길 13-22,033-452-9542
13,갈매,"경기도 구리시  갈매순환로204번길 8-53, 1층(갈매동 538-6)",031-572-9485
14,갈현2동,서울특별시 은평구 갈현2동 506-33번지,02-356-9495
15,감일지구,"경기도 하남시  감일백제로 89, 101호(감이동 525-5, 성준프라자)",02-477-9294
16,감정,"경기도 김포시  북변1로 36, 101호(북변동 230-6)",031-981-9294
17,강남세곡,서울특별시 강남구 용평면 밤고개로 227,02-6952-7494
18,강릉성덕,강원도 강릉시  용지로 44,033-642-1633
19,강릉유천,"강원도 강릉시  선수촌로 79-7, 101호(홍제동)",033-641-1092
20,강릉택지,강원도 강릉시  율곡초교길43번길 17(교동 1859-9),033-641-6995
21,강릉포남,강원도 강릉시 의성읍 강릉대로457번길 25,033-655-9293
22,강원횡성,강원도 횡성군 횡성읍 북천리 115-52,033-342-9294
23,강일동,"서울특별시 강동구  아리수로 419, 106호(강일동 679-3, 강일리슈빌에스)",02-441-9297
24,강저지구,충청북도 제천시 영천동 청풍호로7안길 15,043-646-9294
25,강화,인천광역시 강화군 강화읍 강화대로 199,032-934-5581
26,"개금1,2동",부산광역시 부산진구  냉정로 188(개금동 554-18),051-944-4567
27,개봉역,"서울특별시 구로구  개봉로 34-1, 1층(개봉동 403-153)",02-2060-0113
28,개운,"강원도 원주시  행구로 57, 1층(개운동 393-6)",033-762-9492
29,개포4동,"서울특별시 강남구  개포로20길 32, 1층(개포동 1221)",02-577-8294
30,거모,경기도 시흥시 문경읍 도일로 143(거모동),031-494-9255
31,거여역,서울특별시 송파구 거여동 오금로 484,02-408-9294
32,거제고현,경상남도 거제시 고현동 거제중앙로5길 28-1,055-636-8100
33,거제사등,경상남도 거제시 사등면 두동로 44(사곡리 862-1),055-636-9492
34,거제상문,경상남도 거제시 고창읍 거제중앙로 1557,055-632-9294
35,거제아주,경상남도 거제시 아주동 아주1로 112,055-681-9269
36,거제연초,경상남도 거제시 구룡포읍 거제북로 48,055-636-9296
37,거제옥포,경상남도 거제시 옥포2동 옥포중앙로 87-1,055-687-7262
38,거제장승포,"경상남도 거제시 능포동 능포로4길 5, 107호",055-682-3838
39,거제장평,"경상남도 거제시 신현읍 장평로4길 35, 1층 (장평동)",055-633-2727
40,거제중곡,"경상남도 거제시 고현동 해명로4길 8, 엘리유리안2차 아파트 상가 106호",055-637-0787
41,거창,"경상남도 거창군 거창읍 공수들7길 20번지, 1층(상림리 834-3)",055-943-8294
42,검단,인천광역시 서구 마전동 903-12,032-564-1001
43,검암지구,"인천광역시 서구  승학로 577, 104호(검암동 508-1)",032-568-9492
44,경남고성,경상남도 고성군 고성읍 중앙로15번길 8(성내리 152-4),055-673-8294
45,경남남해,경상남도 남해군 남해읍 화전로 78번길 11,055-862-9290
46,경남밀양,경상남도 밀양시 삼문동 밀양대로 1770-1 (삼문동),055-356-8668
47,경남사천,경상남도 사천시 사천읍 사주리 90-15,055-853-8392
48,경남삼천포,"경상남도 사천시  주공로 37, 1층(벌리동 268-3)",055-835-9494
49,경남하동,경상남도 하동군 하동읍 경서대로 106,055-882-7999
50,경남함양,경상남도 함양군 함양읍 교산길 2(용평리),055-962-8292
51,경남합천,경상남도 합천군 합천읍 합천리 충효로4길 10,055-932-1212
52,경복궁,"서울특별시 종로구  사직로 114, 101호(내자동)",02-722-9492
53,경북도청신도시,"경상북도 예천군 호명면 행복로 230, 110호(산합리 1383, 우방아이유쉘2차)",054-652-9294
54,경북문경,경상북도 문경시 모전동 반쟁이3길 9,054-556-9492
55,경북상주,경상북도 상주시  삼백로 120(서문동 84-2),054-536-8294
56,경북석적,경상북도 칠곡군 석적읍 석적로 954(남율리 745-2),054-977-9494
57,경북성주,경상북도 성주군 성주읍 성주순환로 162,054-931-9294
58,경북영주,경상북도 영주시 하망동 구성로 324,054-638-9492
59,경북울진,경상북도 울진군 울진읍 울진중앙로 186-4,054-781-8787
60,경북의성,경상북도 의성군 의성읍 중앙길 59,054-834-9492
61,경북청도,경상북도 청도군 청도읍 청화로 103(고수리 152-27),054-373-8294
62,경북청송,경상북도 청송군 청송읍 중앙로 236,054-873-9492
63,경산진량,경상북도 경산시 진량읍 낙산길 22-1(신상리 702),053-851-9499
64,경산하양,경상북도 경산시 하양읍 하양역길 18,053-852-9222
65,경주보문,"경상북도 경주시 연무읍 보문로 402-31,106호",054-741-9294
66,경화태백,"경상남도 창원시 진해구  중초로 37, 1층(경화동 1149-3)",055-547-8595
67,계룡,충청남도 계룡시 금암동 금암로 155-11,042-551-9494
68,계산1동,"인천광역시 계양구  계양대로 188, 107호(계산동, 대덕노바체)",032-553-9294
69,고강,경기도 부천시 고강동 295-1번지 101호,032-679-9295
70,"고덕1,2동",서울특별시 강동구 고덕동 상일로 161,02-3426-9282
71,고덕국제,경기도 평택시 고덕면 고덕국제3길 22 1층 상가전체,031-662-9294
72,고덕에듀,"경기도 평택시  함박산7길 13, 1층(고덕동 2681-1)",031-666-9294
73,고덕하늘채,"경기도 평택시 고덕면 효덕새싹길 64, 1층(방축리 422-6)",031-664-5441
74,고산2동,"대구광역시 수성구  알파시티2로3길 54, 1층(시지동 577-1)",053-791-9292
75,고성간성,강원도 고성군 간성읍 간성로 67,033-682-5292
76,고성천진,강원도 고성군 토성면 토성로 145,033-633-5989
77,고양,경기도 고양시 덕양구 고양동 읍내로 83-7,031-964-9279
78,고창,전라북도 고창군 고창읍 월곡공원1길 18,063-562-9599
79,고척2동,"서울특별시 구로구  고척로 184, 1층(고척동 164-74)",02-2688-9477
80,고촌,"경기도 김포시 고촌읍 장차로 46, 102호(신곡리, 미렌빌)",031-985-9492
81,고한사북,강원도 정선군 사북읍 사북중앙로 68,033-591-9477
82,고흥녹동,전라남도 고흥군 도양읍 녹동남촌1길 24-1,061-842-9494
83,곡반정,"경기도 수원시 권선구  동수원로146번길 98, 101호(곡반정동)",031-232-7892
84,곡성,전라남도 곡성군 곡성읍 곡성로 853,061-362-9286
85,곤지암,경기도 광주시 곤지암읍 평촌길 60,031-798-9294
86,공덕,"서울특별시 마포구  만리재로 74, 상가1동 111호(신공덕동, 신공덕2차삼성래미안)",02-716-9292
87,공도2호,경기도 안성시 공도읍 공도2로 3-6,031-691-9294
88,공동구역(신현동),경북 울릉군 울릉읍 도동2길 10,null
89,공릉1.3동,서울특별시 노원구 공릉동 동일로173가길 69,02-978-2070
90,공릉2동,"서울특별시 노원구 공릉동 노원로 62, 101호,102호",02-949-9294
91,공주신관,"충청남도 공주시  흑수골길 48, 1층(신관동 14)",041-854-9294
92,공주중동,"충청남도 공주시  먹자3길 3, 1층(중동 147-277)",041-853-9294
93,과천1호,"경기도 과천시  별양로 12, 1011호(원문동 4, 래미안슈르 A상가)",02-503-9294
94,"관교,구월2호","인천광역시 남동구  인주대로 524, 가동 1층(구월동 1121)",032-424-9295
95,광교1호,"경기도 용인시 수지구  광교마을로 41, 102호(상현동 1119-1, 신대프라자)",031-217-9492
96,광교도청,"경기도 수원시 영통구  센트럴타운로 111, 104호(이의동 1330, 광교스타힐스)",031-215-9492
97,"광명3,4동",경기도 광명시 광명동 158-321,02-2616-9295
98,"광안2,4동",부산광역시 수영구 광안동 168-7번지,051-759-9492
99,광양광영,전라남도 광양시 광영동 광영로 83,061-795-9294
100,광양용강,"전라남도 광양시 광양읍 와룡길 33, 719동 105호(용강리)",061-763-9294
101,광양읍,전라남도 광양시 광양읍 유당로 43 ,061-763-9553
102,광양중마,"전라남도 광양시  공영로 10, 상가 102호(중동 1663, 금광1차아파트)",061-791-9494
103,광장,"서울특별시 광진구 광장동 아차산로70길 75, 광장현대아파트",02-455-0707
104,광정,"경기도 군포시  산본로432번길 4, 101호(산본동, 목련아파트)",031-391-9492
105,광주계림금남로,"광주광역시 동구  제봉로 212번길 7, 1층(대인동 315-7)",062-236-3339
106,광주금호,"광주광역시 서구  화개1로 31, 102호, 103호(금호동 815, 호반리젠시빌아파트 상가)",062-372-9477
107,광주두암,"광주광역시 북구 두암동 삼정로 71, 104호",062-261-9494
108,광주문흥,"광주광역시 북구 문흥동 천지인로 173번길 28, 102호",062-264-9492
109,광주백운,"광주광역시 남구 봉동읍 백운로 29, 1층",062-672-9492
110,광주봉선,광주광역시 남구 봉선동 1011-6번지,062-653-9288
111,광주상무,광주광역시 서구 치평동 1168번지 해광한신 상가,062-373-9288
112,광주선운,"광주광역시 광산구  동곡로 735, 113호(선암동 571, 선운타워)",062-943-9294
113,광주송정,"경기도 광주시 송정동 중앙로 192, 1층",031-764-9482
114,광주수완,"광주광역시 광산구  장신로 62, 104호(장덕동1634)",062-955-9492
115,광주양산,"광주광역시 북구  양산택지로 89, 201호(본촌동 3057, 청유빌딩)",062-574-9494
116,광주용봉,"광주광역시 북구  저불로 40, 103호(용봉동 1399-1)",062-525-9294
117,광주운남,광주광역시 광산구 운남동 임방울대로 142-14,062-951-9255
118,광주운암,"광주광역시 북구  서강로66번길 38, 1층(운암동 930-2)",062-430-9294
119,광주월산,"광주광역시 서구  화정로 258-1, 1층(화정동 724-25)",062-368-8292
120,광주일곡,광주광역시 북구 일곡동 일곡택지로 55,062-576-9494
121,광주장지,"경기도 광주시  순암로 79, 106호(장지동 342-12, 정현빌딩)",031-766-9294
122,광주주월,광주광역시 남구 주월동 회서로11번길 13,062-676-9299
123,광주중흥,광주광역시 북구 창곡동 우치로27번길 26,062-527-9294
124,광주진월,광주광역시 남구 진월동 금당로 12-1 ,062-675-9492
125,광주첨단,광주광역시 광산구 월계동 월계로 92-1,062-972-9492
126,광주태전,"경기도 광주시  고불로 82, 103호(태전동 271-1)",031-768-9294
127,광주풍암,"광주광역시 서구  풍암신암로 38, 1층(풍암동 1076-2, 광주도예원센터)",062-653-9492
128,광주하남,"광주광역시 광산구  용아로379번길 10, 1층(하남동 788)",062-954-9494
129,광주학동,광주광역시 동구 학동 의재로 54,062-234-9494
130,광주화정,광주광역시 서구  염화로 121-1(화정동 827-20),062-384-9288
131,광주효천,"광주광역시 남구 오창읍 효우2로26번길 18, 1층 108호",062-675-9279
132,광탄,"경기도 파주시 광탄면 혜음로 1122, 1층(신산리)",031-946-5292
133,괴안.범박,"경기도 부천시  은성로117번길 8, 1층(괴안동 237-1)",032-341-9492
134,괴정2호,부산광역시 사하구 괴정동 사리로 42,051-205-8294
135,교하,"경기도 파주시  순못길 14-5, 1층(다율동 998-6)",031-949-9484
136,구래1호,"경기도 김포시  김포한강9로12번길 97-14, 101호(구래동 6889-11)",031-996-9294
137,구로5동,서울특별시 구로구 구로5동 구로중앙로28길 31,02-858-9294
138,구로디지털,"서울특별시 구로구  디지털로27가길 5-1, 1층(구로동 252-77)",02-867-9494
139,구룡포,경상북도 포항시 남구 구룡포읍 호미로 253-2,054-276-9992
140,구리교문,"경기도 구리시 교문동 안골로20번길 48,1층(교문동)",031-552-9050
141,구미문성,"경상북도 구미시 고아읍 들성로 7길 19, 1층",054-444-9482
142,구미봉곡,"경상북도 구미시 고창읍 봉곡남로9길 7, 101호",054-604-9492
143,구미인동,경상북도 구미시 구평동 인동16길 24-4,054-472-9259
144,구미형곡,경상북도 구미시 형곡동 형곡동로 70,054-455-9294
145,구미확장단지,"경상북도 구미시 산동읍 신당1로3길 17-7, 104호(신당리 1421, 센프럴프라자)",054-476-9294
146,구성,경기도 용인시 기흥구 언남동 마북로 98,031-275-9299
147,구영천상,"울산광역시 울주군 범서읍 대리2길 51, 1층(구영리 376-2)",052-245-9995
148,구월,인천광역시 남동구 구월동 독점로3번길 30-6,032-473-9200
149,구의1동,"서울특별시 광진구  자양로 173,1층(구의동 254-30, 간씨빌딩)",02-6085-9844
150,구의2동,"서울특별시 광진구  자양로 287, 1층(구의동 50-13)",02-452-9492
151,구이,"전라북도 완주군 구이면 구이로 1524, 102호, 103호(두현리 547-3)",063-225-9249
152,군산나운,"전라북도 군산시 나운동 대학로 316, 1층",063-468-9481
153,군산조촌,"전라북도 군산시  번영로 86, 101호(경장동 511-6)",063-452-9492
154,군자,서울특별시 광진구 군자동 군자로 168,02-466-9492
155,군포당동,"경기도 군포시  고산로 264번길 13. 103호(당동 904-5, 그린프라자)",031-346-9992
156,권선2동,경기도 수원시 권선구 권선동 1259-8번지,031-898-9293
157,귀인평안,"경기도 안양시 동안구  귀인로190번길 61-3, 1층(평촌동 917-5)",031-385-9229
158,금광2동,경기도 성남시 중원구 금광2동 금빛로61번길 11,031-743-8292
159,금당왕지,전라남도 순천시 조례동 조례못등길 70,061-726-9494
160,금산읍,충청남도 금산군 금산읍 비단로 329,041-751-9282
161,금왕,충청북도 음성군 금왕읍 탑골길12 1동 103호,043-878-9492
162,금정,"경기도 군포시  오금로 145, 1층(금정동 851-7)",031-452-9288
163,금촌,경기도 파주시 금촌동 새꽃로 96,031-949-9339
164,금촌3동,"경기도 파주시  경의로 1833, 1층(아동동 299-33)",031-949-9998
165,금호1가응봉,서울특별시 성동구 금호동1가 1801-2 1층,02-2296-6464
166,길동,"서울특별시 강동구  천중로 208, 1층(길동 350-3)",02-475-8294
167,길음1동,"서울특별시 성북구 길음로 길음로 74, 2-107",02-941-8295
168,김량장,경기도 용인시 처인구 김량장동 중부대로 1393 1층,031-334-9256
169,김천1호,경상북도 김천시  신음새동네2길 31(신음동 1302-8),054-435-9492
170,김천혁신도시,"경상북도 김천시  혁신6로 63, 2동 108호(율곡동 416, 중흥에스클래스프라디움 상가동)",054-432-9288
171,김포장기,"경기도 김포시  김포한강2로 88, 108호(장기동 2039-6)",031-984-0550
172,김해구산대성,"경상남도 김해시  구산로42번길 5, 1층(구산동 302-3)",055-337-9292
173,김해내동,"경상남도 김해시  금관대로1265번길 2,1층(내동 534-3)",055-337-9959
174,김해동장유,경상남도 김해시 장유면 월산로 111-43,055-312-9285
175,김해부원,경상남도 김해시 연무읍 김해대로2371번길 8-25,055-327-9492
176,김해삼계,"경상남도 김해시  해반천로130번길 33, 101호(삼계동 1505-8)",055-332-9994
177,김해삼방,경상남도 김해시 삼방동 삼안로 169,055-338-0989
178,김해외동,경상남도 김해시 외동 1242-2 1층,055-322-9949
179,김해율하,"경상남도 김해시  율하3로 107, 상가 101,102호(관동동 1108-3)",055-326-9294
180,김해율하2지구,"경상남도 김해시  율하7로 21, 1층(장유동 821-5)",055-326-9282
181,김해장유,경상남도 김해시 장유면 삼문리 467-6번지,055-312-9994
182,김해주촌,"경상남도 김해시 주촌면 선천남로 123,1층(선지리 1016-1)",055-339-9482
183,김해진영,경상남도 김해시 진영읍 장등로 30,055-342-0799
184,김해활천,경상남도 김해시 어방동 분성로501번길 25,055-336-0096
185,나운2호,"전라북도 군산시 고창읍 부곡1길 39, 108호",063-465-9492
186,나주남평,"전라남도 나주시 남평읍 강변1길 21-6, 102호(동사리 354-3)",061-331-9294
187,나주빛가람,"전라남도 나주시  그린로 339, 105호(빛가람동 330-3)",061-333-9931
188,나주혁신도시1호,"전라남도 나주시  상야3길 8 ,131호(중흥S클래스 메가타운 2차) (빛가람동 200)",061-335-0012
189,남가좌1호,서울특별시 서대문구  가재울로4길 57-2(남가좌동 338-48),02-304-9492
190,남산대신,대구광역시 중구  명덕로 91-1(남산동 2267-20),053-253-9294
191,남양가음,"경상남도 창원시 성산구  가양로 108, 1층(남양동 26-7)",055-266-9294
192,남양주오남,경기도 남양주시 오남읍 130번지 102호,031-527-9492
193,남원2호,전라북도 남원시 울진읍 충정로 320,063-632-9294
194,남지읍,경상남도 창녕군 남지읍 663-26,055-526-0209
195,내당중리,대구광역시 서구  평리로 286(내당4동 249-4번지),053-562-9294
196,내덕우암,충청북도 청주시 청원구 내덕동 중앙로 191-2,043-225-9492
197,내방농성,광주광역시 서구 농성1동 월산로 257,062-363-9492
198,내손포일,"경기도 의왕시  봇들로 60(포일동 660-2, 스마일투)",031-423-0919
199,내수,"충청북도 청주시 청원구 내수읍 청암로 37, 104호",043-212-0292
200,내포신도시1호,"충청남도 홍성군 홍북면 상하천로 31, 117호",041-635-9492
201,녹번,"서울특별시 은평구  서오릉로 6, 102호(녹번동 182, 거장카운티)",02-359-9492
202,녹양,경기도 의정부시 녹양동 326-2,031-829-9244
203,논현1동,서울특별시 강남구  학동로6길 3(논현동 123-1),02-543-9492
204,논현고잔1호,"인천광역시 남동구 논현동 논고개로 136번길 12, 1층(논현동)",032-421-9492
205,농소1호,울산광역시 북구  매곡1로 55-23(신천동),052-293-8294
206,농소2호,"울산광역시 북구  천곡길 191, 108호(천곡동 940-1)",052-294-9922
207,능곡,경기도 고양시 덕양구 토당동 지도로35번길 12-22,031-971-9492
208,다대2동,"부산광역시 사하구  다대로 429번길 12,119호(다대2동 120-10, 삼환종합상가)",051-265-0292
209,다산도농,"경기도 남양주시  도농로중촌2길 26-21, 1층(다산동)",031-558-8877
210,다산신도시1호,"경기도 남양주시  다산중앙로20번길 10-18, 102호(다산동 6152-1)",031-563-9090
211,단계,강원도 원주시  봉화로 48(단계동 837),033-733-8892
212,담양,"전라남도 담양군 담양읍 미리산길 46, 103호,104호(백동리 730, 담양백동엘에이치2단지)",061-383-9294
213,답십리1동,"서울특별시 동대문구 강현면 전농로 57, 1층",02-2216-9992
214,당산2동,"서울특별시 영등포구  국회대로29길 16, 1층(당산동4가 70)",02-6080-9494
215,당진송악,"충청남도 당진시 송악읍 반촌로 103, 대림e편한세상 상가 206호",041-356-9249
216,당진신평,충청남도 당진시 신평면 거산3거리길 70,041-363-9482
217,당하,"인천광역시 서구 당하동 서곶로 876, 103호",032-564-9235
218,대광,경기도 연천군 신서면 도신리 290-20,031-834-9554
219,대구관음,대구광역시 북구  관음중앙로 42(관음동 600-2),053-321-9985
220,대구교대,"대구광역시 남구  중앙대로 199, 1층(대명동 1796-6)",053-263-9494
221,대구구암,"대구광역시 북구  구암로49길 13, 1층(구암동 797-7)",053-325-9981
222,대구구지,"대구광역시 달성군 구지면 국가산단대로68길 21, 1층(창리 1452-1)",053-611-9294
223,대구다사,"대구광역시 달성군 다사읍 대실역북로78, 1층(매곡리 1534-11)",053-581-9477
224,대구대곡,"대구광역시 달서구  갈밭로 50, 103호(대곡동 1068-1)",053-636-9492
225,대구대봉,"대구광역시 중구 신매동 580 대봉로 268, 1층",053-424-8294
226,대구대현,대구광역시 북구 대현동 대현로 106,053-959-9494
227,대구동천,"대구광역시 북구  팔거천동로34길 16, 1층(동천동 924-1)",053-311-2892
228,대구두류,"대구광역시 달서구  두류공원로 261-1, 1층(두류동 473-12)",053-657-2792
229,대구매호,"대구광역시 수성구  달구벌대로637길 22-3, 101동 1층 2호(매호동 1083-4, 매호리첸시아아파트)",053-792-9494
230,대구메트로,대구광역시 수성구 만촌동 962-15,053-741-9221
231,대구반야월,"대구광역시 동구  반야월북로 220, 101호, 102호(각산동 225-9)",053-965-9492
232,대구방촌,"대구광역시 동구  동촌로 196, 1층(방촌동 1058)",053-248-9494
233,대구복현,대구광역시 북구 복현동 249-8,053-939-9494
234,대구봉덕,대구광역시 남구 봉덕동 617-14,053-473-9494
235,대구산격,대구광역시 북구 산격동 1838 106동 101호,053-383-9998
236,대구수성,대구광역시 수성구  수성로 271(수성동1가 522-1),053-761-8292
237,대구신매,대구광역시 수성구  고산로4안길 33-14(신매동 607-5),053-791-9492
238,대구신암,"대구광역시 동구  동대구로 577, 상가 303동 105호(신암동 235-1, 이안센트럴D)",053-942-9282
239,대구신천,대구광역시 동구 신천3동 송라로10길 16,053-746-9294
240,대구연경,"대구광역시 동구  동화천로 372, 104호(지묘동 1352-1)",053-985-9294
241,대구용산,"대구광역시 달서구 고창읍 용산로 186-7 , 1층",053-524-9494
242,대구율하,"대구광역시 동구  율하동로10길 3-6, 1층(율하동 1492)",053-962-9294
243,대구읍내,"대구광역시 북구  칠곡중앙대로118길 14, 102호(읍내동 479-2)",053-314-8292
244,대구이곡,대구광역시 달서구 광탄면 선원남로 74 1층,053-588-9244
245,대구지산,대구광역시 수성구 지산동 용학로 250,053-781-9410
246,대구진천,"대구광역시 달서구  상화로9길 9, 1층(진천동 728-1)",053-638-9279
247,대구침산,대구광역시 북구 침산동 침산남로19길 6,053-351-9492
248,대구태전,"대구광역시 북구  칠곡중앙대로53길 10, 101호(태전동 206-74)",053-311-9291
249,대구평리1호,대구광역시 서구  문화로 272(평리동 1041-1),053-564-9494
250,대구혁신,"대구광역시 동구  이노밸리로46길 1, 102호(각산동 1102)",053-962-2345
251,대구화원,"대구광역시 달성군 화원읍 비슬로 2487, 104호(명곡리 210)",053-639-9492
252,대구황금,"대구광역시 수성구  청수로31길 2, 1층(황금동 577)",053-761-9492
253,대림1동,서울특별시 영등포구 대림1동 디지털로 77길 2-6,02-832-9294
254,대명1호,대구광역시 남구 대명6동 대명로20길 22-2,053-621-1167
255,대방,"서울특별시 동작구  여의대방로36길 10-7, 지층1층(대방동 386-4)",02-817-9294
256,대부도,경기도 안산시 단원구 대부북동 뻐꾹산길 126-11,032-880-0492
257,대성죽교,"전라남도 목포시  양을로 1-2, 1층(죽교동 575-5)",061-242-9994
258,대연2호,부산광역시 남구  용소로40번길 19(대연동),051-611-9284
259,대이양학,경상북도 포항시 북구 득량동 303번지 이동로 70,054-282-9559
260,대전가오,대전광역시 동구 가오동 461번지,042-283-9282
261,대전관저,"대전광역시 서구  관저동로99번길 5, 1층(관저동 1279)",042-543-9494
262,대전괴정,"대전광역시 서구  가장로 32, 102호(괴정동 116-6, 리치빌리지)",042-538-9482
263,대전노은,"대전광역시 유성구  은구비서로 17, 1층(지족동 909-17)",042-823-9295
264,대전도마,"대전광역시 서구  배재로 175, 1층(도마동 194-1)",042-537-9492
265,대전둔산갤러리아,"대전광역시 서구  대덕대로195번길 63, 104호, 105호(둔산동 1088)",042-483-8292
266,대전만년,대전광역시 서구 만년동 만년남로 3번길 8-12,042-489-9492
267,대전문화,"대전광역시 중구  천근로 20, 1층(문화동 462-27)",042-585-9294
268,대전반석,"대전광역시 유성구 고창읍 반석동로 70, 1층 104호",042-823-9492
269,대전법동,대전광역시 대덕구 법2동 계족산로17번길 93,042-633-9295
270,대전상대,"대전광역시 유성구  상대동로2번길 67-6, 101호(상대동 476-3)",042-822-9244
271,대전송촌,대전광역시 대덕구 송촌동 동춘당로44번길 20,042-639-8294
272,대전신성,대전광역시 유성구 신성동 160-1 한울아파트 제상가동 104호,042-863-9492
273,대전우송대,"대전광역시 동구  동대전로131번길 14, 1층(자양동 236-5)",042-628-9294
274,대전원내,"대전광역시 유성구  진잠로78번길 63, 1층(원내동 320-9)",042-543-9295
275,대전월평1호,"대전광역시 서구  월평중로14번길 15, 102호(월평동 853)",042-482-9277
276,대전전민,"대전광역시 유성구 전민동 전민로38번길 50, 1층",042-867-9294
277,대전탄방,"대전광역시 서구  문정로122번길 14, 1층(탄방동 859)",042-488-9492
278,대전태평,대전광역시 중구 태평동 유천로132번길 19,042-527-0982
279,대전학하지구,"대전광역시 유성구  학하서로121번길 163, 101호(덕명동)",042-822-9495
280,대전한남대,"대전광역시 동구  계족로443번길 70, 101호(용전동 80-9)",042-638-9492
281,대조,서울특별시 은평구  역말로 145(대조동 91-67),02-387-9482
282,대천해수욕장,충청남도 보령시 신흑동 1854,041-931-8292
283,"대치1,4동","서울특별시 강남구 대치동 삼성로 229, 104호",02-557-8292
284,대치2동,서울특별시 강남구 대치2동 삼성로58길 29,02-554-9492
285,대학동,서울특별시 관악구  호암로22길 37(신림동 1534-14),02-875-9294
286,대화,경기도 고양시 일산서구 대화동 강성로214번길 16-10,031-911-9492
287,덕정,경기도 양주시  고암길 154-12(고암동),031-858-8892
288,덕진금암,전라북도 전주시 덕진구 금암동 조경단로 59,063-274-9244
289,도곡2동,"서울특별시 강남구  논현로34길 20, 101호(도곡동 414-6)",02-572-9294
290,도남,"제주특별자치도 제주시  신성로 70, 1층(도남동 52-3)",064-724-6144
291,도남미수,"경상남도 통영시  해평1길 6-4, 1층(봉평동 148-6)",055-648-9294
292,도남지구,"대구광역시 북구  도남길 33, 2층(국우동 704-1)",053-290-9494
293,도량,경상북도 구미시  야은로 413(도량동 530-3),054-443-9285
294,도련봉개,"제주특별자치도 제주시  삼봉로 115, 104호(도련일동 1789, 미듬하나로맨션)",064-723-9295
295,도림,서울특별시 영등포구 도림동 도림로112길 27,02-846-9595
296,도안가수원,"대전광역시 서구  원도안로 100, 101호(도안동, 도안베르디움)",042-542-8292
297,도안신도시,"대전광역시 유성구  원신흥남로42번길 6-22, 102호(원신흥동 545-8)",042-822-9592
298,도화2.3동,"인천광역시 미추홀구  송림로 251, 105호(도화동 992-5, 창조프라자)",032-873-9555
299,독립문,"서울특별시 서대문구  독립문로 16, 1층(영천동 167-2)",02-312-9492
300,독산1동,"서울특별시 금천구  벚꽃로 40, 114동 128호(독산동 1147, 금천롯데캐슬골드파크 1차)",02-803-5008
301,독산3동,서울특별시 금천구  문성로 4(독산동 974-2),02-859-9492
302,동광오거리,"강원도 춘천시  삭주로 206-1, 1층(후평동 739)",033-254-9494
303,동대문역,"서울특별시 종로구  종로 326, 1층(창신동 330-2)",02-765-9294
304,동백,"경기도 용인시 기흥구 진천읍 동백3로11번길 33, 106호",031-274-9492
305,동삭센트럴,경기도 평택시 동삭동 835 평택센트럴자이1단지 제117동 제118호,031-691-9982
306,동서오동,"경상남도 창원시 마산합포구  불종거리로 60,1층(상남동 226-5)",055-247-9494
307,동암,인천광역시 부평구 십정동 487-2번지,032-425-9289
308,동천.동림,"광주광역시 서구  동천로 8, 1층(동천동 543)",062-513-4321
309,동천용강,"경상북도 경주시  동천로 39, 1층(동천동 733-137)",054-775-9294
310,동춘,"인천광역시 연수구  봉재산로36번안길 22, 1층(동춘동)",032-817-8092
311,동탄1동,"경기도 화성시  동탄반송3길 30-10, 1층(반송동 24-3)",031-613-9222
312,동탄3동,경기도 화성시 능동 1083 동탄능동마을 주공 아파트 제가상가동 제1층 제101호,031-613-9489
313,동탄8동,"경기도 화성시  동탄대로4길 17, 112호(장지동 966, 금호어울림레이크)",031-373-9493
314,동탄목동,"경기도 화성시  왕배산1길 15, 101호(목동)",031-375-9242
315,동탄역,"경기도 화성시  동탄광역환승로 63, 106동 115호",031-372-9495
316,동탄영천,"경기도 화성시 신매동 580 지산2길 26, 101호",031-378-9492
317,동판교,"경기도 성남시 분당구  동판교로 155, 105호(삼평동 738, 봇들마을7단지아파트)",031-701-9293
318,동해북삼,강원도 동해시  효자남길 29-13(쇄운동 95-5),033-522-6999
319,동해천곡,강원도 동해시  항골1길 3(천곡동 1084-11),033-534-9660
320,두호우현,"경상북도 포항시 북구 두호동 새천년대로 1020번길 12, 213동 106호",054-254-9294
321,둔내,강원도 횡성군 둔내면 고원로 433,033-345-9259
322,둔산1호,대전광역시 서구 둔산동 문정로170번길 157,042-485-9255
323,둔촌2동,서울특별시 강동구 둔촌2동 천호대로198길 12,02-476-9553
324,등촌2동,서울특별시 강서구 등촌2동 등촌로53길 13,02-2642-9492
325,등촌3동,"서울특별시 강서구  강서로56길 64, 108,109호(등촌동 725, 마곡루나플라체)",02-3663-9492
326,마곡1호,"서울특별시 강서구  공항대로 140, 1205동 102-2호(마곡동, 마곡엠밸리12단지)",02-2661-3343
327,마곡나루역,"서울특별시 강서구  마곡서로 133, 714동 101호(마곡동 743-4, 마곡엠밸리7단지)",02-6012-9294
328,마두,"경기도 고양시 일산동구  강송로 181, 117호, 118호(마두동, 일산프라자)",031-903-8485
329,마산,"경기도 김포시  김포한강8로 162번길 10, 102호(마산동 650-7)",031-988-9296
330,마산구암,경상남도 창원시 마산회원구 구암동 구암북1길 124,055-292-9482
331,마산내서,경상남도 창원시 마산회원구 내서읍 중리 337-1번지,055-231-9926
332,마산산호,"경상남도 창원시 마산합포구  용마로 90, 104호(산호동)",055-243-5092
333,마산삼계,경상남도 창원시 마산회원구 내서읍 삼계로 56,055-232-9266
334,마산양덕,경상남도 창원시 마산회원구 양덕동 양덕로 140,055-294-9285
335,마산월영,경상남도 창원시 마산합포구 월영동 610-1,055-222-9294
336,마산회원,"경상남도 창원시 마산회원구  회원동서로 10, 상가101호(회원동 415-1, 중앙캐스빌)",055-241-9285
337,마석,경기도 남양주시 화도읍 마석우리 357-7,031-595-2255
338,마포도화,"서울특별시 마포구  도화4길 23, 102호(도화동 200-17)",02-704-9492
339,만수1호,"인천광역시 남동구 만수동 장승로 14, 창대아트빌",032-468-8294
340,만수2호,"인천광역시 남동구  만수서로21번길 4, 1층(만수동 107-3)",032-462-1589
341,망우본동,"서울특별시 중랑구 망우본동 용마산로 118길 63, 1층(망우동)",02-2209-9294
342,망원1동,"서울특별시 마포구  희우정로77, 상가동 102호(망원동 521, 마포한강아이파크)",02-332-8292
343,망포,"경기도 수원시 영통구  영통로 127, 102호(망포동, 센타프라자)",031-203-9492
344,매곡오치,"광주광역시 북구  매곡로 76, 1층(매곡동 214-4)",062-574-9295
345,매탄1동,경기도 수원시 영통구 매탄1동 매여울로 49,031-212-9492
346,매탄3동,경기도 수원시 영통구 매탄3동 인계로270번길 11-3 ,031-214-9277
347,면목,서울특별시 중랑구 면목동 면목로 35길 52,02-494-8279
348,면목본동,서울특별시 중랑구 면목동 412-1,02-432-9218
349,명서도계,경상남도 창원시 의창구 도계동 도계로 75,055-276-9294
350,명일,"서울특별시 강동구  양재대로134길 26, 105호(명일동 342-1, 명일그린스톤)",02-429-9492
351,명지국제신도시,부산광역시 강서구 명지동 3412-2 정우빌딩 2차 1층 114호,051-292-9482
352,목4동,서울특별시 양천구 목4동 목동중앙남로 12,02-2061-9494
353,목감,"경기도 시흥시 괴산읍 목감우회로 39, 118호",031-411-3607
354,목천읍,충청남도 천안시 동남구 목천읍 신계리 422번지 동우상가 120호,041-558-9294
355,목포용해,전라남도 목포시 용해동 포미로 10번길 8,061-277-9294
356,목포이로,"전라남도 목포시 맹동면 삼학로 331, 금호상가 102호",061-278-9294
357,목포하당,"전라남도 목포시  옥암로96번길 14, 1층(옥암동 969-4)",061-285-9294
358,무실,강원도 원주시  만대공원길 50(무실동),033-743-9294
359,무안남악,"전라남도 무안군 삼향읍 남악4로 50, 111호(남악리 1577, 골든스위트)",061-287-2999
360,무안읍,전라남도 무안군 무안읍 불무로 20,061-453-9492
361,무전북신,"경상남도 통영시  여황로 399-4, 106호(북신동 702, 진우일성타운)",055-645-0099
362,무주구천동,전라북도 무주군 설천면 구천동로 1050,063-322-7773
363,문경새재,"경상북도 문경시 문경읍 주흘1길 25, 1층(하리 104-3)",054-571-9494
364,문래,"서울특별시 영등포구  선유로3길10, 102호(문래동5가)",02-2633-9492
365,문막,"강원도 원주시 문막읍 왕건로 37, 1층(건등리 1624-5)",033-735-9294
366,문산,경기도 파주시 문산읍 독산로 31-1,031-953-6555
367,문정,서울특별시 송파구 문정동 동남로6길 41-10,02-449-4542
368,문화신풍,전라북도 군산시 신풍동 대학로 120-1,063-468-9482
369,미금,"경기도 성남시 분당구  미금일로74번길 5, 1층(구미동 57-5)",031-711-9296
370,미사1호,"경기도 하남시  미사강변북로30번길 106, 1층(망월동 997)",031-795-9294
371,미사수변공원,경기도 하남시 풍산동 551-10,031-794-9492
372,미성,서울특별시 관악구 미성동 난우길 43,02-865-9492
373,미아1호,"서울특별시 강북구  삼양로24길 19, 102동 103호(미아동 561-2, 현대성우아파트)",02-982-8669
374,민락,"경기도 의정부시  민락로 195, 1층(민락동 803-2)",031-851-9282
375,민락2지구,경기도 의정부시 구룡포읍 용민로 249 골든타워 101호,031-852-9482
376,민락광안1동,부산광역시 수영구 민락동 광남로 188,051-751-9492
377,박달,경기도 안양시 만안구 박달동 박달로 506,031-442-9294
378,반여2호,"부산광역시 해운대구  재반로 220-1, 1층(반여동 1291-1362)",051-784-9492
379,반월,"경기도 화성시  효행로1265번길 17, 101호(반월동 550-3)",031-222-9294
380,반포1동,서울특별시 서초구 반포1동 745 금성빌딩 101호,02-517-9482
381,방림양림,"광주광역시 남구  용대로183번길 20,1층(방림동 536-35)",062-653-9285
382,방배2동,"서울특별시 서초구  방배천로16길 11-18, 1층(방배동 437-26)",02-522-2279
383,방배4동,"서울특별시 서초구 방배4동 방배로32길 8, 1층 (조일빌딩)",02-591-9294
384,방어.꽃바위,울산광역시 동구  화문로 41(방어동),052-201-9940
385,방이,서울특별시 송파구  가락로 267 (방이동 159-5),02-421-9492
386,방학1동,"서울특별시 도봉구  방학로2길 77, 1층(방학동 701-46)",02-955-9282
387,방화역,서울특별시 강서구 방화3동 830-1 에어뷰오피스텔2 101호,02-2666-9279
388,배곧신도시,경기도 시흥시  배곧4로 32-9,031-431-9294
389,배곧캠퍼스,"경기도 시흥시  서울대학로264번길 26-32, 107호(배곧동 230, 배곧중앙프라자)",031-503-9494
390,배방,충청남도 아산시 배방읍 모산로 136,041-542-9294
391,백석1동,"경기도 고양시 일산동구  강석로 33, 104호(백석동 1288, 대우IAAN)",031-908-3445
392,번동,"서울특별시 강북구  덕릉로126, 1층(번동, 우일빌딩)",02-986-9494
393,"범어1,2,3동",대구광역시 수성구  상록로 45(범어동 478-11),053-751-9492
394,범어4.만촌3,대구광역시 수성구 범어4동 범어로18길 56,053-744-2822
395,변산격포,전라북도 부안군 변산면 격포로 142(격포리),063-583-9295
396,별내1호,경기도 남양주시 별내동 1014-4번지 101호,031-573-9492
397,별내2호,"경기도 남양주시  별내3로 249, 상가동 107호(별내동 913, 별사랑마을2 10단지)",031-527-7788
398,병점2동,"경기도 화성시  병점2로 65, 107호(병점동 259-15, 우남프라자)",031-234-6633
399,보라매,서울특별시 관악구  보라매로3길 3(봉천동 702-105),02-877-8982
400,보령동대,충청남도 보령시 동대동 한내로 52,041-931-0601
401,보성읍,전라남도 보성군 보성읍 중앙로 96-1,061-852-9956
402,복대개신,충청북도 청주시 흥덕구 복대2동 풍산로147번길 1,043-268-9294
403,본동월성2동,"대구광역시 달서구  와룡로5길 11, 1층(본동)",053-521-9492
404,본오1동,"경기도 안산시 상록구  본오로 27, 101호(본오동 669-7)",031-503-9254
405,본오2동,"경기도 안산시 상록구  본오로9길 6, 1층(본오동 818)",031-406-9294
406,봉곡사림,경상남도 창원시 의창구 사림동 사림로 53,055-266-9492
407,봉담1호,"경기도 화성시 봉담읍 상봉길 31, 120호 124호(상리, 지맨프라자)",031-227-9797
408,봉담2지구,"경기도 화성시 봉담읍 장등1길 3-18, 101호(상리 627-2)",031-296-9294
409,봉동,"전라북도 완주군 봉동읍 완주산단8로 24, 103호(둔산리 905-12)",063-262-5094
410,봉산국동,전라남도 여수시  대교로 26(봉산동 248-1),061-642-9939
411,봉일천,경기도 파주시 조리읍 고봉로 1032,031-946-9992
412,부개2동,인천광역시 부평구 부개동 부평문화로194번길 2,032-507-9294
413,부산가야,부산광역시 부산진구 가야3동 가야대로 552번길 135,051-896-9477
414,부산감만,부산광역시 남구 감만동 우암로79번길 1,051-637-0011
415,부산감전,"부산광역시 사상구  괘감로 108-1, 1층(감전동 120-13)",051-311-5999
416,부산감천,부산광역시 사하구 감천1동 감천로 69,051-202-9797
417,부산개금,부산광역시 부산진구 개금3동 개금온정로17번길 47-5,051-898-9592
418,부산거제,"부산광역시 연제구 중앙대로 1167, 105호(거제동, 중앙빌딩) 139-10",051-503-9289
419,부산괴정,부산광역시 사하구 괴정동 929번지,051-292-9982
420,부산구서,부산광역시 금정구 구서2동 184-23번지,051-582-9922
421,부산구포,부산광역시 북구 구포3동 시랑로47번길 4,051-334-3236
422,부산금곡,부산광역시 북구 금곡동 효열로 207,051-361-8294
423,부산기장,부산광역시 기장군 기장읍 차성동로 161,051-722-9590
424,부산낙민,"부산광역시 동래구  안남로 69, 1층( 안락동 670-4)",051-529-9482
425,부산남산,부산광역시 금정구 남산동 남산로37번길 60,051-513-9992
426,부산남천,부산광역시 수영구 유가면 수영로408번길 55,051-622-9492
427,부산남항,부산광역시 영도구 남항2가 절영로93번길 25-1 ,051-414-9482
428,부산다대,부산광역시 사하구 다대1동 933-12번지,051-266-8294
429,부산당감,부산광역시 부산진구 당감4동 당감서로 118-1,051-893-9592
430,부산당리,부산광역시 사하구 당리동 다대로 4,051-202-8294
431,부산대신,부산광역시 서구 서대신동3가 279-14번지 2통 4반,051-255-9492
432,부산대연,부산광역시 남구 대연동 못골로41번길 13,051-636-9284
433,부산덕천,부산광역시 북구 덕천1동 408-18번지,051-332-9492
434,부산덕포,부산광역시 사상구 덕포동 삼덕로 72-1,051-305-5592
435,부산동삼,부산광역시 영도구 동삼동 동삼로 79,051-403-4008
436,부산만덕,"부산광역시 북구 만덕2동 만덕2로44번길 72, 106호",051-334-2313
437,부산망미,부산광역시 수영구 망미1동 과정로41번길 45,051-752-9495
438,부산명륜,"부산광역시 동래구  명륜로 206, 1층(명륜동 676-101)",051-553-5539
439,부산명지,"부산광역시 강서구  명지오션시티4로 90, 102호(명지동 3237-13)",051-271-0055
440,부산문현,부산광역시 남구 문현1동 13-63번지,051-633-9494
441,부산반송,부산광역시 해운대구  윗반송로31번길 113-11(반송동 22-24),051-545-9282
442,부산반여,부산광역시 해운대구  선수촌로 162-1(반여1동),051-528-6700
443,부산범일,"부산광역시 동구  중앙대로 514, 103호(범일동 62-720, 한성기린프라자)",051-633-9294
444,부산범천,부산광역시 부산진구 범천동 범일로192번길 54,051-637-9284
445,부산부곡,부산광역시 금정구 부곡동 중앙대로1706번길 15,051-512-9929
446,부산부곡2호,부산광역시 금정구 부곡4동 서동로 36,051-583-9295
447,부산부암,부산광역시 부산진구  백양순환로 137-1(부암동 410-2),051-803-9234
448,부산부전,"부산광역시 부산진구  새싹로 37, 1층(부전동 401-9)",051-804-9293
449,부산사직,부산광역시 동래구 사직1동 사직북로28번길 6,051-502-8070
450,부산서동,부산광역시 금정구  서곡로 34(서동),051-531-9492
451,부산송도,부산광역시 서구 암남동 암남공원로 27,051-246-0047
452,부산수민,부산광역시 동래구 수안동 34-1번지 새동래상가 6동 104호,051-557-8292
453,부산수영,"부산광역시 수영구  수영로741번길 46, 218동 104호(수영동 432-1, 수영협성르네상스타운)",051-754-9291
454,부산수정,부산광역시 동구 양덕동 홍곡로 74,051-464-8292
455,부산안락,부산광역시 동래구 안락2동 충렬대로457번길 21,051-525-0505
456,부산양정,"부산광역시 부산진구  동평로406번길 33, 1층(양정동 389-22)",051-868-9282
457,부산엄궁,부산광역시 사상구 엄궁동 엄궁북로4번길 7,051-315-9294
458,부산온천,부산광역시 동래구 온천2동 중앙대로1335번길 21,051-557-9293
459,부산우2동,"부산광역시 해운대구 우2동 해운대로 361, 103호",051-742-9477
460,부산우동,부산광역시 해운대구 우1동 우동1로 45,051-741-9488
461,부산장림,"부산광역시 사하구  다대로320번길 25(장림동 403-3, A동)",051-264-9482
462,부산장전,부산광역시 금정구 장전동 장전온천천로73번길 6,051-512-9953
463,부산재송,부산광역시 해운대구 재송동 해운대로143번길 51,051-784-5600
464,부산전포,"부산광역시 부산진구  중앙대로 802, 104호(전포동)",051-805-8294
465,부산좌동,부산광역시 해운대구 좌2동 좌동순환로 275,051-704-9922
466,부산주례,부산광역시 사상구 주례1동 양지로8번길 45-15,051-323-5999
467,부산지사,"부산광역시 강서구  과학산단로334번나길 21, 1층(지사동 1194-7, 예찬하우스)",051-941-9492
468,부산청학,부산광역시 영도구 청학동 336-5 신도브래뉴 상가 112호,051-418-8292
469,부산초량,부산광역시 동구 초량동 초량로 59,051-467-9294
470,부산초읍,부산광역시 부산진구 초읍동 성지로 104번길 46,051-904-9292
471,부산토곡,부산광역시 연제구  고분로 248(연산동 483-1),051-759-9279
472,부산하단,부산광역시 사하구  하신번영로 304(하단동 887-9),051-294-9494
473,부산학장,부산광역시 사상구 학장동 대동로 147-3,051-315-9592
474,부산화명,부산광역시 북구 화명3동 2287-1 리버사이드빌딩 107-1호,051-363-9492
475,부안읍,"전라북도 부안군 부안읍 학동길 21-1, 201호",063-581-9290
476,부여,충청남도 부여군 부여읍 성왕로 221-1,041-836-9494
477,부천남부역,경기도 부천시 심곡본동 687-22 엘지아트빌 1층 102호,032-653-9494
478,부평4동,"인천광역시 부평구  주부토로 109, 1층(부평동 889-5)",032-516-3456
479,부평역,인천광역시 부평구  부평문화로 107-3(부평동 524-11),032-501-3040
480,부흥달안,"경기도 안양시 동안구  동안로 194, 117호(비산동, 한양스포츠센타)",031-388-9492
481,북가좌1호,"서울특별시 서대문구  증가로 220-1, 1층(북가좌동 282-27)",02-306-9988
482,북변사우,경기도 김포시 사우동 1066번지,031-998-0202
483,북아현,"서울특별시 서대문구  북아현로1길 50, 상가동 지하 106호(북아현동, 신촌푸르지오)",02-312-9294
484,분당동,경기도 성남시 분당구 분당동 96번지,031-708-9292
485,불광1동,서울특별시 은평구  불광로 114(불광동 11-13),02-382-9492
486,불로동,"인천광역시 서구  검단로 783-1, 101호(불로동 778-4, 한국알이엠)",032-566-7877
487,불현,"경기도 동두천시  평화로 2328, 1층 (지행동 275-18)",031-866-9409
488,비래가양,"대전광역시 동구  흥룡로 79, 1층(가양동 49-19)",042-632-9294
489,비전2동,경기도 평택시 비전2동 272-7번지,031-656-9492
490,사2동,"경기도 안산시 상록구 감골로 33, 101호",031-417-9492
491,사능,경기도 남양주시 진건읍 진건오남로105번길 15,031-527-9294
492,사당1동,서울특별시 동작구 사당1동 사당동 1038-12,02-588-9294
493,사당2동,서울특별시 동작구  동작대로39길 39 이수푸르지오더프레티움 상가 105호,02-592-9294
494,사동계양,경상북도 경산시  장산로 257(사동 588-10),053-813-9492
495,사창사직2,"충청북도 청주시 서원구  창신로25번길 15, 102호(사창동 286-6)",043-273-9289
496,산곡2동,"인천광역시 부평구  화랑북로11번길 38, 102호(산곡동 236-21)",032-517-9292
497,산곡4동,"인천광역시 부평구 광탄면 원길로11번길 33, 1층",032-525-9494
498,산남성화,"충청북도 청주시 서원구  두꺼비로 27번길 5-11, 102호(산남동 1074)",043-283-9282
499,산본1동,"경기도 군포시 신매동 580 군포로745번길 45, 1층",031-394-5999
500,산북소룡,"전라북도 군산시  칠성로 129, 1층(산북동 3559-5)",063-465-9482
501,삼동부곡,경기도 의왕시 삼동 솔밭길 16,031-462-9297
502,삼산1동,"인천광역시 부평구  평천로 389, 1층 일부(삼산동 264-2)",032-529-7494
503,삼산2동,인천광역시 부평구 삼산동 453-1번지,032-525-9292
504,삼성2동,"서울특별시 강남구 삼성동 삼성로103길 12, 123",02-515-9294
505,삼송1호,"경기도 고양시 덕양구  동산1로1길 23-23, 102호(동산동 355-1)",02-381-9294
506,삼숭고읍,"경기도 양주시  삼숭로 157, 106호(삼숭동 565-6)",031-844-8292
507,삼전,서울특별시 송파구 삼전동 백제고분로21길 20,02-424-9992
508,삼척,강원도 삼척시  대학로 40,033-575-9282
509,삼학자유,"전라남도 목포시  둥근섬로 48-1, 1층(산정동 1360)",061-244-2929
510,상.중동,대구광역시 수성구 상동 상화로 66,053-767-9492
511,상계6.7동,서울특별시 노원구 상계동 728-3 주공6단지 상가 101호,02-936-8288
512,상계보람,서울특별시 노원구  노원로34길 66,02-930-9288
513,상대원,"경기도 성남시 중원구  희망로 324, 1층(상대원동 2048)",031-757-9492
514,상도1동,서울특별시 동작구 상도동 436,02-826-9294
515,상동,"경기도 부천시  소향로 37번길 19, 1층 122,123호(상동)",032-329-9949
516,상동하당,전라남도 목포시 상동 상리로15번길 15,061-277-7200
517,상모사곡,경상북도 구미시 사곡동 703-5 1층,054-464-9499
518,상무2호,"광주광역시 서구 쌍촌동 화정로85번길 30-1, 1층",062-375-9992
519,상봉봉안,경상남도 진주시 상봉서동 진주성로 103,055-743-8294
520,상암,서울특별시 마포구 상암동 30-1번지 형제빌딩 103호,02-376-9294
521,상왕십리역,"서울특별시 성동구  왕십리로 410, L동 111호(하왕십리동, 센트라스)",02-2281-1087
522,상인1호,대구광역시 달서구 상인동 상인로100-1,053-632-9492
523,상일,"서울특별시 강동구 상일동 구천면로100길 15, 1층",02-481-9492
524,상주냉림무양,경상북도 상주시 맹동면 냉림2길 31-3,054-533-9495
525,새솔동,"경기도 화성시  수노을1로 191, 상가4동 102호(새솔동 18)",031-356-9592
526,서강,"서울특별시 마포구  독막로22길 28,1층(창전동)",02-338-9294
527,서곡지구,"전라북도 전주시 완산구  서곡1길 1-4, 1층(효자동3가 1457-3)",063-275-9492
528,서대문연희,서울특별시 서대문구 연희동 연희로 170,02-333-9492
529,서둔탑동,"경기도 수원시 권선구  탑동로 18, A동 101호(탑동 843-6, 가람빌딩)",031-298-9492
530,서림,"서울특별시 관악구 정관읍 서림길 28, 101호",02-882-5155
531,서부신시가지,전라북도 전주시 완산구 효자동 후곡길 23-11,063-236-9294
532,서부전하,울산광역시 동구 서부동 봉수로 290,052-236-9292
533,서산대산,"충청남도 서산시 대산읍 충의로 1908, 104호(대산리149-7)",041-664-0917
534,서산동문,"충청남도 서산시 동문동 189-7, 1층",041-666-5892
535,서산예천,"충청남도 서산시  석남3로 7, 1층(석남동 113-51)",041-667-9492
536,서창지구,"인천광역시 남동구  서창남순환로215번길 48, 118호(서창동 686-1)",032-469-9294
537,서천,충청남도 서천군 서천읍 사곡안길11번길 50-4,041-953-9492
538,서초1동,"서울특별시 서초구  사임당로 105, 105호,106호(서초동 1647-2)",02-597-9077
539,서초2동,서울특별시 서초구 서초2동 서운로 79,02-525-9294
540,서초3동,서울특별시 서초구 서초3동 반포대로22길 79-5,02-588-9492
541,서충주신도시,"충청북도 충주시 대소원면 첨단산업4로 31, 1층",043-846-9492
542,서판교,"경기도 성남시 분당구 운중동 운중로 178번길 1, 107호",031-709-9294
543,서현,"경기도 성남시 분당구  황새울로360번길 26, 2층 203호(서현동, 삼보프라자)",031-701-9243
544,석관,"서울특별시 성북구 석관동 돌곶이로 21, 1층",02-967-9492
545,석남,인천광역시 서구 석남동 석남로 78,032-581-3100
546,석동풍호,"경상남도 창원시 진해구 자은동 냉천로 88, 103호",055-544-9494
547,석수2동,경기도 안양시 만안구 석수동 안양로532번길 27,031-474-9292
548,선부1동,"경기도 안산시 단원구  선부광장1로 173, 110호(선부동 1188, 안산라프라모)",031-410-9492
549,선부3동,"경기도 안산시 단원구  달미로 96-1, 101호(선부동 1096-19)",031-402-9994
550,성건중부,경상북도 경주시 성건동 북성로 98,054-777-2092
551,성남동,"경기도 성남시 중원구  산성대로 200, 201호(성남동 2149, 황제빌딩)",031-732-9232
552,성남용전,"대전광역시 동구  우암로171번길 64, 1층(성남동 166-89)",042-624-1253
553,성내2동,"서울특별시 강동구 성내동 천호대로162길 34, 이안상가 110,111호",02-470-9492
554,성내3동,서울특별시 강동구 성내3동 433-14 1층,02-472-9492
555,성당본리,"대구광역시 달서구  대명천로 96, 1층(성당동 398-15)",053-628-9494
556,성복,경기도 용인시 수지구 성복동 129-1,031-272-9494
557,성사,경기도 고양시 덕양구  호국로790번길 42-4(성사동 702-9),031-965-9492
558,성산,"제주도 서귀포시 성산읍 해맞이해안로 2660, 1층",064-782-9262
559,성산2동,서울특별시 마포구  성암로7길 25(성산동 147-1),02-307-9294
560,성서계명대,대구광역시 달서구 신당동 서당로9안길 5,053-584-9288
561,성수1호,"서울특별시 성동구  상원1길 26, 1층 108-2호(성수동1가, 서울숲A타워)",02-464-9294
562,성신여대,서울특별시 성북구 동선동2가 보문로30나길 33,02-923-9492
563,성연테크노벨리,충청남도 서산시 성연면 충의로 696,041-663-9492
564,성포,"경기도 안산시 상록구 성포동 성포로 31, 현대@상가 112동 107호",031-486-9594
565,성현,서울특별시 관악구 봉천동 은천로25길 3,02-884-7703
566,세교.통복,"경기도 평택시  평택1로 74, 1층(비전동 468)",031-653-9979
567,세교1호,"경기도 오산시  대호로 131, 1층(궐동 612-1, 대유프라자)",031-375-6969
568,세마역,"경기도 오산시  수목원로 602, 109호, 110호(세교동 600-6)",031-376-9585
569,세종고운,"세종특별자치시   마음로 151, 917동 지층 102호(고운동, 가락마을9단지)",044-864-9245
570,세종다정,"세종특별자치시   다정서로 60, 102호(다정동, 가온마을5단지)",044-865-9492
571,세종도담,"세종특별자치시   보듬3로 6, 107호(도담동, 라온프라이빗시티Ⅱ)",044-863-9294
572,세종소담,"세종특별자치시   국책연구원1로 15, 상가A동 106,107호(소담동 521, 새샘마을9단지)",044-862-9492
573,세종종촌,"세종특별자치시   도움1로 74, 상가동 105호(종촌동 656, 가재마을10단지)",044-863-9492
574,세종한솔.새롬,"세종특별자치시   새롬중앙로 34, 118A호(새롬동 574, 크리스마스빌딩)",044-868-9294
575,소사,"경기도 부천시  소사로102번길 47, 청구@ 상가 101호",032-344-9477
576,소사벌,"경기도 평택시  비전6길 21-1, 1층(비전동 991)",031-651-9294
577,소촌우산,"광주광역시 광산구  금봉로 105-1, 1층(우산동 1078-9)",062-941-9495
578,소하1동,경기도 광명시 소하1동 1324번지 주공아파트 상가 (후문),02-899-9492
579,소하2동,경기도 광명시 소하동 성채로50번길 33,02-898-9291
580,속초교동,강원도 속초시  교동로 51(교동 774-23),033-637-8892
581,속초조양,"강원도 속초시  조양상가길 2, 110호",033-638-9595
582,송강테크노,"대전광역시 유성구 관평동 테크노3로 77, 1층",042-936-8292
583,송내2동,"경기도 부천시  성주로 96,102호(송내동 464-1)",032-661-9282
584,송내북부역,"경기도 부천시  석천로 54, 1층(상동 226-6, 대동빌딩)",032-321-9492
585,송도3동,"인천광역시 연수구  송도문화로28번길 28, 202동 131호(송도동 190-2, 송도글로벌캠퍼스푸르지오)",032-816-9494
586,송도5동,"인천광역시 연수구  센트럴로 415, 190호(송도동 316, 송도 더테라스)",032-833-9294
587,송도신도시,인천광역시 연수구 송도동 컨벤시아대로 50,032-833-9482
588,송림송현,"인천광역시 동구  새천년로 32, 1층(송림동 102-78)",032-773-9282
589,송우리,경기도 포천시 소흘읍 송우로 55-5,031-544-9294
590,송정도산,광주광역시 광산구 남동길 남동길48번길 53,062-945-9285
591,송정원평,경상북도 구미시 송정동 신시로 14길 50,054-443-9494
592,송천에코,전라북도 전주시 덕진구 송천동 1가 송천로 112-42,063-277-9288
593,송추,경기도 양주시 장흥면 가마골로 173,031-837-9005
594,송파,"서울특별시 송파구  송이로 29-1, 101호, 102호(송파동 164-7)",02-422-9482
595,수곡모충,충청북도 청주시 서원구 수곡동 구룡산로 340,043-285-9492
596,수내,"경기도 성남시 분당구  발이봉남로 3번길 4, 1층",031-711-9492
597,수락,"서울특별시 노원구 상계1동 동일로 239길 19, 105호",02-933-9295
598,수색증산,"서울특별시 은평구 증산동 증산서길 98, 1층",02-372-9285
599,수송미장,"전라북도 군산시  축동로 27, 102호(수송동 791-4)",063-466-9294
600,수암신정2호,"울산광역시 남구 야음동 신선로 45, 롯데캐슬 중앙상가동 209호",052-276-1919
601,수완2호,광주광역시 광산구 구룡포읍 신가동 1245 1층,062-955-9493
602,수원고등,"경기도 수원시 팔달구  고등로59번길 63, 1층(고등동 167-30)",031-252-9294
603,수원세류,경기도 수원시 권선구  덕영대로 1113-10 1층 상가전부,031-223-9294
604,수원역,"경기도 수원시 팔달구  매산로52번길 8-1, 1층(매산로2가 60-110)",031-255-9492
605,수원영화,"경기도 수원시 장안구  정조로934번길 46, 1층(영화동 161-57)",031-245-2727
606,수원율전,"경기도 수원시 장안구  덕영대로425번길 41, 1층(율전동 154-1)",031-269-9298
607,수원인계,"경기도 수원시 팔달구 인계동 세지로152번길 28, 1층(인계동, 미그린2)",031-233-9294
608,수원정자3동,경기도 수원시 장안구 천천동 481-5 1층,031-268-9211
609,수유2동.벽산,서울특별시 강북구 수유2동 삼양로 424,02-998-1500
610,수진,"경기도 성남시 수정구  제일로147번길 4, 101동 104호(수진동,현대아파트)",031-754-9255
611,수택2동,"경기도 구리시  벌말로 185, 117호(수택동, 구리태영데시앙)",031-553-9492
612,수택3동,경기도 구리시 수택3동 853번지 럭키아파트상가 108호,031-568-9294
613,순창,전라북도 순창군 순창읍 장류로 358,063-653-9492
614,순천남부,전라남도 순천시 장천동 우석로 202,061-746-9292
615,순천북부,"전라남도 순천시  업동2길 2, 1층(용당동 562-4)",061-751-9244
616,순천연향,전라남도 순천시 연향동 연향1로 12,061-722-9294
617,순천조례,"전라남도 순천시  신월큰길 27, 1층(조례동 954)",061-722-8292
618,순천풍덕,"전라남도 순천시  남산로 153, 1층(풍덕동 875-40)",061-741-7492
619,숭의,인천광역시 미추홀구  수봉로 6-15,032-884-8294
620,시립대,"서울특별시 동대문구  사가정로 149, 1층(전농동 38-3)",02-2214-5292
621,시흥1동,"서울특별시 금천구  금하로14길 10, 1층(시흥동 887-24)",02-894-9294
622,시흥5동,"서울특별시 금천구  금하로 731-7, 1층(시흥동)",02-804-9294
623,시흥능곡,"경기도 시흥시  능곡로 182, 107호(능곡동 753, 신성프라자)",031-435-9294
624,시흥대야,경기도 시흥시 대야동 475-11번지,031-313-9294
625,시흥신천,"경기도 시흥시  신천3길 41, 1층(신천동 378-7)",031-311-9294
626,시흥월곶,"경기도 시흥시 월곶동 월곶중앙로30번길 4, 주영프라자 101호",031-318-9482
627,신갈,경기도 용인시 기흥구 구갈동 구갈로60번길 11,031-285-3800
628,신곡1동,경기도 의정부시 신곡동 발곡로 31번길 15,031-821-9294
629,신곡2동,"경기도 의정부시 신곡동 부용로210번길 17, 101호",031-851-9285
630,신기북정,경상남도 양산시  삼성5길 5-21(북정동 905-9),055-387-9212
631,신길뉴타운,"서울특별시 영등포구  신길로 119, 112동 110호(신길동 4937, 한화꿈에그린상가)",02-832-9492
632,신내1동,서울특별시 중랑구 신내1동 398-4번지,02-436-9977
633,"신당3,4동","서울특별시 중구  다산로32, 108호(신당동, 남산타운상가제2동)",02-2253-3344
634,신당역,서울특별시 중구 무학동 퇴계로87길 22,02-2232-9294
635,신대,전라남도 순천시 해룡면 매안4길 22,061-723-8294
636,신대방1동,서울특별시 동작구 신대방1동 신대방1길 16,02-843-9294
637,신도림,서울특별시 구로구 신도림동 신도림로11길 45,02-2677-9294
638,신둔,경기도 이천시 신둔면 증신로 561,031-633-1696
639,신림동,서울특별시 관악구 신림동 신림동길 27,02-885-9294
640,신방화역,"서울특별시 강서구  마곡서1로 131, 101호(마곡동 734, 마곡엠밸리1단지)",02-2663-9294
641,신사1동,"서울특별시 은평구  갈현로 39-1, 1층 4호(신사동)",02-386-9294
642,신사우,"강원도 춘천시  충열로 101, 102호 (우두동 409-11)",033-251-9211
643,신수,"서울특별시 마포구  토정로18길 11, 102호(현석동 225, 래미안웰스트림)",02-715-9492
644,신시가지,제주도 서귀포시  신서로 55,064-739-9294
645,신안평거,경상남도 진주시 평거동 신평공원길 25번길 12-13,055-748-9492
646,"신월2,4동",서울특별시 양천구 신월동 월정로 20-1,02-2697-2232
647,"신월3,5동","서울특별시 양천구  화곡로4길 3, 101호(신월5동 54-10, 미리내아파트)",02-2691-8294
648,신월사파,"경상남도 창원시 의창구 신월동 원이대로 663, 1층 2호",055-266-9929
649,신월성,대구광역시 달서구 진천동 조암남로 85,053-639-9944
650,신정2동,"서울특별시 양천구  신목로 39, 1층(신정동 114-5)",02-2646-9492
651,신정3동,"서울특별시 양천구  중앙로43길 13, 122동 119호(신정동 1183-28, 래미안 목동아델리체 상가)",02-3666-9292
652,신정4동,"서울특별시 양천구  오목로 172, 지하 101,102호(신정동 952-1, 뉴타운아파트)",02-2692-9492
653,신정7동,"서울특별시 양천구  목동남로2길 60-7, 상가동 지층2호(신정동 1314, 양천중앙하이츠)",02-2648-9492
654,신창신가,"광주광역시 광산구  신창로86번길 7-9, 1층(신창동 1233-1)",062-962-9292
655,신촌,"서울특별시 서대문구  연세로9길 34-4, 1층(창천동 52-159)",02-312-9494
656,신탄진,대전광역시 대덕구 덕암동 덕암로 255,042-936-9492
657,신평비산,"경상북도 구미시  비산로 21, 103호(비산동 489-1, 비산전원리빙필)",054-453-0092
658,신포,인천광역시 중구 신생동 신포로 23번길 35-1(중앙동3가),032-765-9494
659,신현,"경기도 광주시 오포읍 신현로 74, 101호(신현리 699-3)",031-712-9294
660,신현원창,인천광역시 서구 당하동 가정동 515-1,032-577-9294
661,신흥약대,"경기도 부천시 별내동 수도로 52, 에이동 101호",032-678-9294
662,심곡,"경기도 부천시  신흥로 22, 105호(심곡동 464-6, 스카이파크)",032-612-9494
663,쌍문,"서울특별시 도봉구  도봉로139길 74, 1층(쌍문동 8-10)",02-992-4555
664,아라신도시,"인천광역시 서구  이음5로 76, 111호(원당동, 서영아너시티2차)",032-567-9298
665,아산권곡,"충청남도 아산시  청운로 146번길 2, 102호(권곡동)",041-533-9492
666,아산둔포테크노벨리,"충청남도 아산시 둔포면 아산밸리중앙로 67, 414동 B108호(석곡리 1797, 아산테크노밸리이지더원4단지)",041-547-9294
667,아산신창,충청남도 아산시 신창면 서부북로 920(남성리 134-19),041-542-8294
668,아산용화,충청남도 아산시 용화동 온중로 39,041-532-9294
669,아산장재,"충청남도 아산시 배방읍 용연로 71, 103호(장재리 1255)",041-532-9482
670,아산탕정,"충청남도 아산시 탕정면 탕정면로8번길 10-21, 1층 101호",041-542-9492
671,안동1호,경상북도 안동시 송현동 경동로 349,054-858-9285
672,안동용상,경상북도 안동시  경동로 908(용상동),054-821-8294
673,안동중앙,"경상북도 안동시  안기천로 46, 103호(당북동)",054-842-9696
674,안산일동,경기도 안산시 상록구  구룡로 9(일동 601-8),031-417-9482
675,안산한양대,경기도 안산시 상록구 사3동 삼리1길 18,031-415-8295
676,안성한경대,"경기도 안성시  중앙로 274-7, 상가동 102호(석정동 343, 한빛마을우남퍼스트빌)",031-672-9492
677,안양7동,"경기도 안양시 만안구 구룡포읍 태평로52번길 37, 지상1층 110호",031-465-9234
678,안양관양,경기도 안양시 동안구 관양1동 1386-18번지,031-387-6661
679,안양중앙시장,경기도 안양시 만안구 안양4동 냉천로193번길 42,031-466-9292
680,안중,"경기도 평택시 안중읍 안중로 8번길 64, 1층(현화리 866-7)",031-682-9492
681,안지랑,"대구광역시 남구  대명로 177, 13호(대명동 780-3, 동신맨션)",053-657-8194
682,알펜시아,강원도 평창군 대관령면 솔봉로 325,033-339-0146
683,암사3동,서울특별시 강동구 암사동 암사길 88,02-428-9294
684,압량조영,경상북도 경산시 압량면 청운1로 89 ,053-817-8295
685,애월,"제주특별자치도 제주시 애월읍 고내로11길 30, 2층(고내리 1097)",064-799-8294
686,"야탑1,2동","경기도 성남시 분당구 서천읍 판교로 443, 106-1,107-1호",031-708-5777
687,야탑3동,경기도 성남시 분당구 야탑동 벌말로29번길 18,031-781-9294
688,양곡,"경기도 김포시 양촌읍 양곡2로 30, 106호(양곡리 1306-7)",031-987-9492
689,양구,강원도 양구군 양구읍 중심로 186,033-482-5092
690,양산덕계,경상남도 양산시 평산동 배움터길 20,055-362-9282
691,양산물금,"경상남도 양산시 물금읍 버들길 36, 1층",055-382-9982
692,양산범어,경상남도 양산시 물금읍 범어리 2711-37 유림프라자상가,055-365-8294
693,양산사송신도시,"경상남도 양산시 동면 내송큰들로 39, 105호(내송리, 더원빌딩)",055-382-9494
694,양산서창,경상남도 양산시 삼호동 794-1 1층 103호,055-363-9282
695,양산석산,"경상남도 양산시 동면 금오12길 4-5, 1층",055-366-9492
696,양산신도시,"경상남도 양산시 남부동 양주로 38, 1층 108호",055-365-8892
697,양산증산,"경상남도 양산시 물금읍 물금로 159, 1층(가촌리 1268-16)",055-386-9295
698,양양,강원도 양양군 양양읍 남문로15,033-673-9575
699,양재1동,"서울특별시 서초구  바우뫼로41길 8, 102호(양재동 4-12)",02-577-9492
700,양정염포,울산광역시 북구 양정동 염포로 563,052-289-9282
701,양주덕계,경기도 양주시 덕계동 평화로 1469,031-868-9492
702,양주백석,경기도 양주시 백석읍 호명로 92,031-875-9288
703,양평,경기도 양평군 양평읍 한빛길 4(양근리 299-18),031-774-9992
704,양평용문,경기도 양평군 용문면 용문로 375,031-772-8894
705,에코메트로,"인천광역시 남동구  소래역남로 16번길 75, 111-3호(논현동 751-1, 에코메트로3차더타워)",032-433-1829
706,여수관문,전라남도 여수시 충무동 충무로 58-19,061-641-9494
707,여수돌산,"전라남도 여수시 돌산읍 강남8길 34, 105호(우두리 1056-1, 금아상가)",061-644-8253
708,여수무선,전라남도 여수시 화장동 화산1길 7,061-692-6767
709,여수문수,"전라남도 여수시  문수로 68,1층(문수동 122-1)",061-651-0017
710,여수미평,전라남도 여수시 미평동 양지1길 6-14,061-654-9492
711,여수여서,전라남도 여수시 여서동 여문1로 28,061-654-3633
712,여수여천,전라남도 여수시 신기동 망마로 102,061-686-0017
713,여수웅천,"전라남도 여수시  웅천로 19-9, 103호(웅천동, 비고시티)",061-685-9294
714,여수죽림,전라남도 여수시 소라면 죽림중앙로 33,061-692-9494
715,여월도당,"경기도 부천시  부천로366번길 86, 106호(도당동 51-3)",032-672-9294
716,여의도1호,"서울특별시 영등포구  국회대로66길 23, 105호(여의도동 15-16, 산정빌딩)",02-784-9492
717,여의반월,"전라북도 전주시 덕진구  혁신로 697, 103호(반월동, 드림프라자)",063-227-6769
718,여좌중앙,경상남도 창원시 진해구 여좌동 충장로 41,055-541-2222
719,여주,경기도 여주시  여흥로 108,031-886-9492
720,역곡,경기도 부천시 역곡동 110-8번지 1층 1호,032-342-8294
721,역삼1동,서울특별시 강남구 역삼1동 752-53번지 1층 104호,02-558-9995
722,역삼2동,서울특별시 강남구  도곡로27길 6(역삼동 787),02-566-9294
723,역촌,"서울특별시 은평구  연서로 49, 1층(역촌동 63-69)",02-387-9294
724,연남,서울특별시 마포구 연남동 동교로27길 91,02-334-9482
725,연무,충청남도 논산시 연무읍 연무로 180-1(안심리 2-5),041-741-9492
726,연산1동,부산광역시 연제구 소라면 쌍미천로 167,051-867-9495
727,연산2호,부산광역시 연제구  중앙천로 35(연산동 798-1),051-852-9492
728,연산북항,전라남도 목포시 산정동 1710 원산중앙로 10-4,061-274-9991
729,연수1동,"인천광역시 연수구  먼우금로264번길 12, 1층(연수동 574-1)",032-814-9482
730,연수3동선학,"인천광역시 연수구  비류대로529번길 3, 1층(선학동 376-5)",032-815-8293
731,연수교현,충청북도 충주시  예성로 252(교현동 387-29),043-846-8292
732,연신내,"서울특별시 은평구  통일로 877, 1층(갈현동 394-5, 한뉘빌딩)",02-353 -9253
733,연일유강,"경상북도 포항시 남구 연일읍 연일로 160-7, 101호(생지리 384-2, 아이너스뷰)",054-286-1399
734,연희,인천광역시 서구 심곡동 336-4번지 1층 103호,032-566-9794
735,염창역,"서울특별시 양천구  공항대로 644, 지앤빌딩",02-2648-9294
736,영덕고래불,"경상북도 영덕군 병곡면 병곡1길 110, 3층(병곡리 181-10)",054-733-3876
737,영덕영해,경상북도 영덕군 영해면 영덕로1829,054-734-9292
738,영덕읍,경상북도 영덕군 영덕읍 남석리 23번지,054-733-9246
739,영동읍,충청북도 영동군 영동읍 영산로1길 22,043-743-8294
740,영등포구청역,"서울특별시 영등포구  양산로 131-2, 1층(당산동3가 25-2)",02-2675-9294
741,영암삼호,전라남도 영암군 삼호읍 삼호중앙로234 길촌파크 나동,061-463-9492
742,영월,강원도 영월군 영월읍 중앙로 13-1,033-372-1235
743,영주가흥,"경상북도 영주시  대학로 209, 1층(가흥동 1810-1)",054-633-9294
744,영주대청,부산광역시 중구 영주동 동영로 24,051-465-9492
745,영주휴천,경상북도 영주시 휴천동 지천로 108,054-636-9492
746,영천동부,"경상북도 영천시 서천읍 창신1길 42, 301동 1층 3호",054-335-8259
747,영통1동,경기도 수원시 영통구 영통동 998-1번지 평익칼라스위트 105호,031-202-9942
748,영통2동,"경기도 수원시 영통구  영통로 237, B205호(신동 338, 에이스 하이엔드 타워 영통)",031-273-8080
749,영평,"제주특별자치도 제주시  기와4길 14-3, 1층(영평동 2764-8)",064-702-5555
750,예산삽교읍,충청남도 예산군 삽교읍 삽교로 88,041-338-9492
751,예산읍,충청남도 예산군 예산읍 역전로 140번길 21,041-333-9255
752,오금,"서울특별시 송파구  성내천로 88, 103호(오금동 142-5)",02-409-9492
753,오류2동,"서울특별시 구로구  오류로 61, 101호(오류동 166-4, 청담파우제)",02-2135-8294
754,오목천,"경기도 수원시 권선구  온정로 8, 1층(오목천동 295-3)",031-291-9229
755,오산신장,경기도 오산시 궐동 오산로348번길 3,031-372-3006
756,오산원동,"경기도 오산시  오산로 164, 103호(원동 845, 양우프라자)",031-373-9492
757,오산중앙,"경기도 오산시  경기대로333번길 31, 1층(오산동)",031-376-9492
758,오송,"충청북도 청주시 흥덕구 오송읍 오송생명5로 267-7, 1층(만수리 848)",043-231-4308
759,오전,경기도 의왕시 오전동 오전동길 25,031-399-5599
760,오창2산단,"충청북도 청주시 청원구 오창읍 2산단로 185-1, 102호(주성리 337)",043-214-9492
761,오태북삼,"경상북도 칠곡군 북삼읍 인강1길 79, 1층(숭오리 20-8)",054-973-9580
762,오포,"경기도 광주시 오포읍 양벌로 295, 1층 1호(양벌리 562-8)",031-769-9479
763,옥계구포,경상북도 구미시 옥계동 산호대로 25길 25-38,054-476-9492
764,옥곡백천,"경상북도 경산시  백천동로 7,108(백천동 571-1, 부영초록마을)",053-801-9494
765,옥길지구,"경기도 부천시  양지로184번길 7-6, 1층(옥길동 724-2)",032-343-9294
766,옥동신정1호,울산광역시 남구 옥동 문수로 359-1,052-273-9282
767,옥련,"인천광역시 연수구  옥련로 147, 1층(옥련동, 현프라자)",032-834-8294
768,옥산정평,경상북도 경산시 정평동 성암로 21길 43,053-802-9494
769,옥정지구,"경기도 양주시 옥정동 옥정동로 5길 49, 101호",031-857-9294
770,온의퇴계,강원도 춘천시 온의동 541-3번지,033-256-8892
771,온천3동,부산광역시 동래구 온천3동 충렬대로86번길 31,051-502-8005
772,와동,경기도 안산시 단원구 와동 753-9 번지 1층,031-485-9294
773,와부1호,"경기도 남양주시 와부읍 수레로 88, 105호(덕소리 177-20,강산빌딩)",031-576-7557
774,완도,전라남도 완도군 완도읍 개포로145번길 27,061-555-1192
775,완월자산,경상남도 창원시 마산합포구 부여읍 고운로 181,055-221-9294
776,완주삼례,전라북도 완주군 삼례읍 삼봉로 117,063-291-9293
777,용담,제주도 제주시  용담로 70,064-725-8892
778,"용당용호2,4동","부산광역시 남구  용호로216번가길 10, 105호(용호동 976, 용호예가)",051-612-0094
779,용두신설,서울특별시 동대문구 용두동 안암로 40,02-953-9294
780,용산역,"서울특별시 용산구  한강대로 143-1, 1층(한강로2가 255-1)",02-6369-9294
781,용산용문,"서울특별시 용산구  새창로 119, 1층(용문동 8-165)",02-711-9294
782,용운판암,"대전광역시 동구  용운로151번길 9, 1층(용운동 290-10)",042-272-9200
783,용원웅동,경상남도 창원시 진해구 안골동 안골로302,055-552-8595
784,용이동,"경기도 평택시 현신3길 4, 102호",031-651-9295
785,용인강남대,경기도 용인시 기흥구 구갈동 594-2 스카이프라자상가 제1층,031-287-9295
786,용인동천,"경기도 용인시 수지구 동천동 수풍로117번길 2-2, 102호",031-266-9254
787,용인둔전,경기도 용인시 처인구 포곡읍 둔전리 405-19 105호,031-333-2336
788,용인보라,경기도 용인시 기흥구 보라동 한보라1로 42-4. 105호,031-285-8295
789,용인서천,"경기도 용인시 기흥구  서천동로83번길 4-10, 101호(농서동 445-1)",031-202-9293
790,용인양지,"경기도 용인시 처인구 동면 양지로143번길 5-5, 1층 1호,2호",031-338-8595
791,용인역북,경기도 용인시 처인구  명지로40번길 35-16(역북동),031-339-9294
792,용현1호,인천광역시 미추홀구 용현1동 2-9번지,032-868-9242
793,용현2호,인천광역시 미추홀구  낙섬중로 72,032-884-9288
794,용호매트로,"부산광역시 남구 용호1동 용호로90번길 12-4, A-103호",051-628-9492
795,우만1동,경기도 수원시 팔달구 우만동 세지로 440,031-216-8899
796,우아호성,"전라북도 전주시 덕진구  견훤로 499, 106호(우아동3가 594-10)",063-246-9280
797,우장산동,서울특별시 강서구  화곡로31길 18(화곡동 1059-31),02-2607-9960
798,우정태화,울산광역시 중구 태화동 태화로 263,052-246-9982
799,운남,"인천광역시 중구  숲쟁이로 12, 상가 101호(운남동 1680-2, e편한세상 영종하늘도시)",032-752-9295
800,운서,"인천광역시 중구  영종대로 124, 102호(운서동 2806-3",032-747-0992
801,운양,"경기도 김포시  김포한강11로 288-27, 102호(운양동 1297-7, 한강프라자)",031-988-8294
802,운정1호,"경기도 파주시 와동동 가온로 27, 월드아파트상가 108호",031-948-6692
803,운정2호,"경기도 파주시  한울로 84, 518동 102호(동패동 1768, 휴먼시아 한울마을)",031-948-9282
804,운정3호,"경기도 파주시  가람로 6, 103호(와동동, 월드타워)",031-944-9392
805,운천신봉,"충청북도 청주시 흥덕구  사운로 240, 102호(운천동 1368)",043-266-9492
806,울산남목,울산광역시 동구 동부동 미포3길 35,052-252-9929
807,울산다운,울산광역시 중구 다운동 다운로 64,052-903-1173
808,울산달동,"울산광역시 남구  신정로 75, 1동 109호(달동 632-1)",052-266-9582
809,울산무거,울산광역시 남구 무거2동 무거동 853-3번지 1층,052-249-9482
810,울산반구,"울산광역시 중구 반구동 화합로 388, 1호",052-298-8294
811,울산복산,울산광역시 중구 복산동 화합로 498,052-297-9294
812,울산삼산,울산광역시 남구 삼산동 돋질로 334,052-276-9255
813,울산삼호,울산광역시 남구 무거동 1447-9,052-222-9242
814,울산성안,울산광역시 중구 성안동 백양로 14,052-246-6994
815,울산송정,"울산광역시 북구  화동로 16, 103호(화봉동 1450-1)",052-287-9294
816,울산신정3호,"울산광역시 남구  월평로 135, 1층(신정동 236-156)",052-268-9294
817,울산야음,울산광역시 남구 야음2동 수암로 167,052-269-0004
818,울산언양,"울산광역시 울주군 언양읍 남문길 20, 1층(남부리)",052-263-6622
819,울산온산,"울산광역시 울주군 온산읍 덕남로 17, 1층(덕신리 270-2)",052-238-9295
820,울산온양,울산광역시 울주군 온양읍 대안리415-19번지,052-239-9282
821,울산일산,울산광역시 동구  대학길 162(화정동 636-38),052-251-9295
822,울산정자해변,"울산광역시 북구  강동산하2로 7, 107호(산하동 509-1, 블루마시티 KCC스위첸)",052-944-9494
823,울산중앙,"울산광역시 중구  새즈믄해거리 22, 1층(성남동 86-4)",052-244-9294
824,울산호계,"울산광역시 북구  호계매곡4로 42, 1층(호계동)",052-286-9984
825,원곡본동,경기도 안산시 단원구 원곡본동 화랑로 28,031-495-9482
826,원당,"인천광역시 서구  고산후로95번안길 21 (당하동 1030-1, 멀티프라자)",032-562-9492
827,원미,경기도 부천시 원미동 원미로 137,032-662-9492
828,원종2동,경기도 부천시 원종동 224-8번지,032-677-9299
829,원주기업도시,강원도 원주시 지정면 가곡리 1374-10 102호,033-747-9294
830,원주단구,"강원도 원주시 단구동 단구로 414, 1층 102호",033-761-9258
831,원주명륜,"강원도 원주시  한지공원길 25-6, 상가동 108호(명륜동, 원주더샵센트럴파크3단지)",033-766-9294
832,원주혁신,"강원도 원주시 고창읍 황금로 13, 201호",033-731-9488
833,원통,강원도 인제군 북면 원통로147번길 41,033-461-0002
834,월계2동,서울특별시 노원구 월계동 776 월계프라자 104호,02-906-9294
835,월피,"경기도 안산시 상록구 맹동면 안산천서로5길 27, 1층",031-405-9492
836,위례1호,경기도 성남시 수정구 창곡동 546,031-751-9294
837,유가,"대구광역시 달성군 유가읍 테크노중앙대로6길 20, 1층(봉리 592-1)",053-616-9482
838,유성온천,"대전광역시 유성구  대학로 45, 104호(봉명동 607-3, 스카이뷰로드)",042-826-8294
839,유천,"대전광역시 중구  태평로26번길 50, 1층 (유천동 311-12)",042-523-9492
840,율량2지구,"충청북도 청주시 청원구 오창읍 주성로 289, 101호",043-241-9282
841,율량사천,"충청북도 청주시 청원구  율천북로 55, 1층(사천동 245-13)",043-213-9294
842,은계지구,"경기도 시흥시  은계호수로 49, 1층(은행동 605, 시흥 센트럴돔 그랑트리 캐슬)",031-317-9492
843,은천,"서울특별시 관악구 둔내면 은천로 61, 1층",02-883-9495
844,은평뉴타운,"서울특별시 은평구 진관동 진관4로 78-8, 701동 104호",02-388-9492
845,은행동,경기도 성남시 중원구 은행동 701번지 1층,031-742-9295
846,은행선화,대전광역시 중구 선화동 대종로549번길 14,042-254-8292
847,음성혁신1호,"충청북도 음성군 맹동면 용두2나길 12, 101호(두성리 1260)",043-883-9294
848,응암1호,"서울특별시 은평구  응암로22길 7-1, 1층(응암동 427-96)",02-353-9492
849,의정부동,경기도 의정부시 의정부동 신흥로 196,031-875-9492
850,의정부용현,"경기도 의정부시  용민로 75-27, 1층 (용현동 311-1)",031-851-8694
851,이대역,"서울특별시 마포구  신촌로 196,1층(염리동 8-40)",02-718-9982
852,이문1호,서울특별시 동대문구 이문동 신이문로 38,02-967-2827
853,이문2호,서울특별시 동대문구 이문동 이문로9길 8,02-966-9294
854,이시아폴리스,"대구광역시 동구  팔공로 250, 118호(봉무동 15530, 이시아스타)",053-981-9812
855,이천관고,"경기도 이천시  영창로 149, 1층(관고동 4-23)",031-638-9298
856,이충장당,"경기도 평택시  송탄로 190, 1층(서정동 908-10)",031-664-9492
857,이태원,서울특별시 용산구 용산동2가 우사단로12길 18,02-792-9291
858,익산동산,전라북도 익산시 동산동 중앙로 166-1,063-842-8998
859,익산모현,"전라북도 익산시  배산로 149, 101호(모현동1가 861)",063-858-8998
860,익산부송,전라북도 익산시  무왕로26길 21(부송동 216-162),063-832-9288
861,익산신동,전라북도 익산시  익산대로68길 26(신동),063-837-9494
862,익산어양,"전라북도 익산시  무왕로19길 36, 102호(부송동 677-27)",063-835-1199
863,익산영등,"전라북도 익산시  고봉로32길 7(영등동 828-14, 강은사)",063-833-9288
864,익산황등,"전라북도 익산시 황등면 황등중앙로 21, 1층(황등리 214-9)",063-858-9492
865,인계동수원,"경기도 수원시 팔달구  중부대로 192,1층(인계동 167-8)",031-217-9294
866,인제,강원도 인제군 인제읍  인제로 184,033-461-9494
867,인창1호,경기도 구리시 인창동 383-54번지 1층,031-515-9449
868,인헌,"서울특별시 관악구  봉천로 611, 1층(봉천동 1657-18)",02-888-9492
869,일광신도시,"부산광역시 기장군 일광면 해빛로 39-14, 102호(삼성리 781-6)",051-723-9293
870,일도동광초,제주도 제주시  연수로3길 7 1층,064-752-5592
871,일산가좌,"경기도 고양시 일산서구  가좌3로 11, 101호, 102호(가좌동 392-22, 오성프라자)",031-922-8294
872,일산식사,"경기도 고양시 일산동구 고창읍 위시티3로 75, 1층",031-962-9492
873,일신부개,인천광역시 부평구 부평6동 경인로1002번길 34-1,032-517-9229
874,일원1.2동,"서울특별시 강남구  일원로9길 63, 1층(일원동 652-7)",02-445-9490
875,임학,"인천광역시 계양구 삼산동 계양산로216번길 14, 103호",032-546-9294
876,자양,"서울특별시 광진구  뚝섬로41길 8, 105호(자양동)",02-458-9221
877,자운,"대전광역시 유성구  자운로97번길 290(신봉동 154-1, 자운레스텔)",042-862-9282
878,작전1동,"인천광역시 계양구  효서로 300, 102호(작전동 381-1)",032-543-9294
879,작전2동,"인천광역시 계양구 작전2동 계양대로120번길 7, 102호",032-541-9294
880,작전서운,인천광역시 계양구 작전동 까치말로45번길 10,032-545-8294
881,잠실1호,"서울특별시 송파구 신천동 올림픽로 35길 104, 장미C상가 118호",02-412-9492
882,잠실2호,서울특별시 송파구 잠실동 석촌호수로 135,02-414-9294
883,잠실본동,서울특별시 송파구 잠실본동 222-10 1층,02-417-9290
884,잠원한강,서울특별시 서초구  강남대로95길 47-4(잠원동 35-1),02-545-9666
885,장곡장현,"경기도 시흥시  장곡북로 43, 1층 5호(장곡동, 시흥장현 루벤시아 1차)",031-362-5892
886,장기감삼,대구광역시 달서구 장기동 용산로 84,053-523-9492
887,장성읍,전라남도 장성군 장성읍 청운길 9-1,061-393-9492
888,장성창포,경상북도 포항시 북구  대곡로 10(두호동 1104-13),054-252-9595
889,장안1동,"서울특별시 동대문구  장한로9길 16,1층(장안동 428-14)",02-2244-9299
890,장안2동,"서울특별시 동대문구  사가정로25길 22-3, 1층(장안동 93-4)",02-2247-9393
891,장위1동,"서울특별시 성북구  장위로 85, 1층(장위1동 225-44)",02-912-9282
892,장지역,"서울특별시 송파구  새말로 143, 1층(문정동 96-10)",02-430-9294
893,장천산동,경상북도 구미시 산동면 봉산리 589,054-476-9285
894,전곡,"경기도 연천군 전곡읍 은전로86번길 18, 11(전곡리 333-142)",031-835-9492
895,전남강진,"전라남도 강진군 강진읍 탐진로 65, 1층(서성리 89-7, 송파빌딩)",061-433-9392
896,전남나주,"전라남도 나주시  중앙로 20, 1층(남내동 34)",061-334-3070
897,전남영광,전라남도 영광군 영광읍 옥당로 123,061-353-9294
898,전남영암,전라남도 영암군 영암읍 중앙로 16,061-473-8245
899,전남장흥,"전라남도 장흥군 장흥읍 장흥로 76-10, 104호(원도리 290-1)",061-863-8592
900,전남화순,전라남도 화순군 화순읍 광덕리 305번지,061-375-9294
901,전북김제,전라북도 김제시 요촌동 요촌중길 45,063-545-9482
902,전북남원,전라북도 남원시  옥정2길 13(향교동),063-636-9253
903,전북혁신도시,"전라북도 완주군 이서면 출판로 42, 101호(갈산리 661-7)",063-229-9294
904,전주만성,"전라북도 전주시 덕진구  만성중앙로 53-37, 103호(만성동 1372-3, 센트럴타워)",063-211-9294
905,전주삼천,전라북도 전주시 완산구 삼천동 1가 난전들로 258,063-225-9294
906,전주서신,"전라북도 전주시 완산구  서신로 30, 1층(서신동 836-1)",063-274-9294
907,전주아중,"전라북도 전주시 덕진구  무삼지로 23, 1층(인후동1가 904-4)",063-246-9294
908,전주에코시티,"전라북도 전주시 덕진구  세병로74. 101호(송천동2가, 에코시티휴머빌아파트)",063-278-9494
909,전주인후,"전라북도 전주시 덕진구  견훤로 320, 1층(인후동1가 756-30)",063-243-9294
910,전주진북,전라북도 전주시 덕진구 진북동 숲정이로 53,063-272-8294
911,전주평화,"전라북도 전주시 완산구  평화로 139, 신전주새마을금고(평화동2가)",063-287-9494
912,전주효천,"전라북도 전주시 완산구  효천천변길 24, 1층(효자동2가 1359-6)",063-221-8294
913,정관모전,"부산광역시 기장군 정관읍 정관로 350, 323동 B101호",051-723-9292
914,정관신도시,"부산광역시 기장군 정관읍 정관로 595, 110호(매학리 748-6)",051-728-9494
915,정릉1호,"서울특별시 성북구  보국문로20길 22, 1층(정릉동 260-28)",02-919-9294
916,정릉역,"서울특별시 성북구 구룡포읍 정릉로 26길 8, 제상가동 1층",02-943-9294
917,정발산,경기도 고양시 일산동구 정발산동 산두로 239,031-925-3892
918,정왕1동,"경기도 시흥시  봉우재로 10, 102호(정왕동 1593-6)",031-488-9294
919,"정왕3,4동","경기도 시흥시  정왕신길로49번길 28, 106호,107호(정왕동 1875-2, 미주아파트상가)",031-488-9492
920,정읍상동,전라북도 정읍시  학산로 127-31(상동),063-532-9294
921,정읍수성,전라북도 정읍시  수성택지4길 4(수성동),063-537-9992
922,정자1동,"경기도 성남시 분당구  내정로119번길 17,102호(정자동 42-5)",031-715-8294
923,정자마을,"경기도 성남시 분당구  내정로 54, 상가동(정자동 117-3, 한솔마을아파트)",031-716-9949
924,제부도,"경기도 화성시 서신면 해안길 232-1, 2층(제부리 190-113)",031-356-9472
925,제주노형,제주도 제주시  정존13길 14,064-746-8292
926,제주동홍,제주도 서귀포시  일주동로 8588,064-733-8292
927,제주신촌,"제주도 제주시 조천읍 신북로99, 1층",064-721-4161
928,제주아라,제주도 제주시 아라1동  1718-3 원신아파트 상가 1층,064-702-9294
929,제주연동,제주도 제주시  연동10길 4 1층,064-747-9280
930,제주영어도시,"제주도 서귀포시 대정읍 에듀시티로 23, 상가동 105호 (해동그린앤골드)",064-792-8293
931,제주외도,"제주도 제주시  우정로18길 12, 1층",064-743-9294
932,제천1호,충청북도 제천시 중앙로2가 의림대로 190,043-652-9289
933,제천하소,"충청북도 제천시  용두대로 15가길 13, 101호",043-643-9294
934,조선대,"광주광역시 동구  서남로 20, 1층(서석동 25-6)",062-226-9282
935,조치원,세종특별자치시 연기군 조치원읍 죽림리 21-2번지 상가 110호,044-865-8292
936,종각역,"서울특별시 종로구  종로14길 11, 1.2층(관철동 7-4)",02-734-7788
937,종로4가,"서울특별시 종로구  창경궁로 113, 1층(인의동 111-7)",02-747-9294
938,종암,"서울특별시 성북구 종암동 종암로 19길 46, 103호",02-953-9192
939,"좌1,3동","부산광역시 해운대구 좌동 대천로67번길 15, 112호",051-747-9266
940,좌4동,부산광역시 해운대구 좌4동 1413번지 삼상@ 분산상가 103호,051-702-9482
941,주례2호,부산광역시 사상구 주례동 가야대로366번길 48,051-325-9592
942,주문진읍,"강원도 강릉시 주문진읍 항구로 41-1, 1층(주문리 336-6)",033-662-3920
943,주안1호,"인천광역시 남구 주안1동 미추홀구 석바위로 112, 1층 (주안동)",032-434-9495
944,주안2호,"인천광역시 미추홀구  석정로 379, 102호(주안동)",032-866-0444
945,주안3호,인천광역시 미추홀구  미추홀대로 591,032-872-9294
946,주엽2동,"경기도 고양시 일산서구  주화로 88, 102호(주엽동 115-2, 효림빌딩)",031-918-9291
947,죽전1호,"경기도 용인시 수지구 죽전동 달맞이로36, 108호",031-263-9294
948,죽전단국대,"경기도 용인시 수지구 오창읍 죽전로 164, 102호",031-897-9494
949,중계1동,"서울특별시 노원구  덕릉로 591, 102호(중계동 413-8, 금화빌딩)",02-936-9492
950,중곡1동,"서울특별시 광진구  능동로 339(중곡동 162-3, 희재빌딩)",02-499-9294
951,중곡4동,"서울특별시 광진구  영화사로 47(중곡동 99-9, 박빌딩)",02-452-9998
952,중동1호,"경기도 부천시  중동로248번길 55, 109호(중동 1146-4, 무광프라자)",032-321-2330
953,중동2호,"경기도 부천시 오창읍 길주로 273, 신명타운 110호",032-329-9994
954,중산,"경기도 고양시 일산동구  탄중로431번길 8-8, 1층(중산동 1578)",031-975-9291
955,중앙고잔,"경기도 안산시 단원구  당곡로 33, 104호(고잔동 528-1, 안산프라움씨티오피스텔)",031-414-9294
956,중앙반월,"경상남도 창원시 마산합포구 월남동2가 3.15대로 77, 105호",055-222-9296
957,중촌목동,대전광역시 중구 지행동 중촌로24번길 23. 1층,042-222-9295
958,중화1호,서울특별시 중랑구 중화1동 동일로 760,02-492-8294
959,지산신장,경기도 평택시 신장동 송탄공원로 73,031-666-5959
960,지세포,"경상남도 거제시 일운면 거제대로 2471, 1층(지세포리 990-2)",055-681-9422
961,지행1호,"경기도 동두천시  생연로9번길 23, 1층(지행동 688)",031-867-9292
962,진도,전라남도 진도군 진도읍 쌍정 1길 8-6,061-544-9433
963,진부,강원도 평창군 진부면 진부중앙로 53,033-336-7889
964,진안,"경기도 화성시  병점동로 126, 101호 102호(진안동)",031-222-9234
965,진접,경기도 남양주시 진접읍 장현로 131,031-572-9294
966,진접지구,경기도 남양주시 진접읍 해밀예당2로 117,031-529-9482
967,진주가호,경상남도 진주시 가좌동 진주대로 568번길 8,055-752-9444
968,진주금산,경상남도 진주시 금산면 중천로 74,055-761-9474
969,진주상대,경상남도 진주시  돗골로 126-1(상대동 302-17),055-758-9282
970,진주이현,"경상남도 진주시  진주대로 1317-5, 1층(이현동 1184)",055-743-7676
971,진주하대초장,경상남도 진주시 하대동 하대로 116,055-759-9285
972,진천읍,충청북도 진천군 진천읍 중앙동로 132,043-533-9492
973,진해웅천,경상남도 창원시 진해구 성내동 웅천중로 55-1,055-542-9999
974,창2동,"서울특별시 도봉구 창2동 도봉로 110다길 51, 태영 창동데시앙 아파트상가 109호",02-997-0092
975,창4동,"서울특별시 도봉구  노해로70길 46, 상가 125호(창동 27-3, 주공아파트)",02-902-9289
976,창5동,"서울특별시 도봉구  노해로61길 4, 101호(창동 700-72,리솜하우스)",02-998-2292
977,창녕읍,경상남도 창녕군 창녕읍 명덕로 6-1,055-533-9492
978,창원감계,"경상남도 창원시 의창구 북면 감계로 266, 204호",055-255-0770
979,창원대방,"경상남도 창원시 성산구  창이대로901번길 30, 106호(대방동 376, 대방그린빌아파트)",055-283-9494
980,창원동읍,"경상남도 창원시 의창구 동읍 용정길32번길 16, 101호(송정리 23-1, 동부산훼미리타운2차)",055-252-9282
981,창원반송,"경상남도 창원시 성산구  원이대로393번길 17, 1층2호(반지동 76-4)",055-261-9294
982,창원소답,"경상남도 창원시 의창구  읍성로89번길 2, 101호(소답동 143-24, 대력그린빌)",055-251-8294
983,창원중앙,"경상남도 창원시 성산구  용지로121번길 15(중앙동 78-2, 프린스텔)",055-285-9282
984,창원팔용,경상남도 창원시 의창구 팔용동 183-9번지,055-253-9492
985,창현,경기도 남양주시 화도읍 경춘로창벌1길 19(창현리),031-559-9285
986,천안두정,"충청남도 천안시 서북구  두정고3길 8, 1층(두정동 1981)",041-563-9494
987,천안백석,"충청남도 천안시 서북구 백석동 백석4길 31, 108호",041-557-9492
988,천안불당,"충청남도 천안시 서북구  불당8길 14, 1층(불당동 1102)",041-577-9492
989,천안성성,"충청남도 천안시 서북구  성성2길 54-1, 1동 1층(성성동)",041-556-9482
990,천안성정,"충청남도 천안시 서북구  서부19길 4, 1층(성정동 619-1)",041-578-9294
991,천안신부,"충청남도 천안시 동남구 고창읍 중앙로 281-2, 101호",041-555-9492
992,천안쌍용,"충청남도 천안시 서북구  쌍용13길 13-2, 1층(쌍용동 1370)",041-573-5959
993,천안용곡,"충청남도 천안시 동남구  새말1길 47, 상가 1층(용곡동 482-16, 더쉴아파트)",041-592-8292
994,천안직산,"충청남도 천안시 서북구 직산읍 삼은3길 38, 102호",041-583-9482
995,천안차암,충청남도 천안시 서북구 정관읍 3공단6로 50,041-554-9492
996,천호1동,서울특별시 강동구 천호1동 상암로 122,02-488-9492
997,천호3동,"서울특별시 강동구 구천면로 구천면로 238, 103호",02-486-9492
998,철산1.2동,"경기도 광명시  시청로 33, 1층(철산동 211-1)",02-2682-9294
999,철산3.4동,"경기도 광명시  시청로 50, 상가A동 126호, 127호(철산동 233)",02-2066-4377
1000,철원동송,강원도 철원군 동송읍 금학로 203,033-455-9494
1001,첨단2호,"광주광역시 북구 신용동 첨단연신로91번길 44, 대성빌딩 112호",062-576-9233
1002,첨단중앙,"광주광역시 광산구  월계로 223-22, 1층(쌍암동 694-56)",062-973-9277
1003,청담,"서울특별시 강남구  삼성로135길 41, 1층(청담동 35-1)",02-541-9294
1004,청라1호,"인천광역시 서구 연희동 청라라임로 100, 104호",032-568-9233
1005,청라2호,"인천광역시 서구 청북읍 보석로 7, 1층 101호(경서동)",032-565-9294
1006,청룡,"서울특별시 관악구  쑥고개로 82, 1층(봉천동 1562-27)",02-886-9294
1007,청북,"경기도 평택시 청북읍 안청로 312-19, 102호",031-684-9004
1008,청수,"충청남도 천안시 동남구  청수6로 105, 1층(청수동 349)",041-566-8294
1009,청주가경,"충청북도 청주시 흥덕구  경산로 28, 1층(가경동 1478-4)",043-236-9294
1010,청주강서지구,충청북도 청주시 흥덕구 오창읍 서현북로 24,043-239-8292
1011,청주금천,충청북도 청주시 상당구 금천동 중고개로273번길 64,043-223-9989
1012,청주동남지구,"충청북도 청주시 상당구  중고개로 104, 상가2동 103호(용암동, 칸타빌 더 테라스 2단지)",043-286-0902
1013,청주봉명,"충청북도 청주시 흥덕구  덕암로108번길 61, 102호(봉명동 2748)",043-272-9294
1014,청주분평,"충청북도 청주시 서원구  청남로 1994, 1층(분평동 1232)",043-295-9277
1015,청주용암,충청북도 청주시 상당구 용암동 2183번지,043-297-9289
1016,청천2동,"인천광역시 부평구  평천로 158, 102호(청천동 3-10, 럭스96)",032-522-9482
1017,청파,서울특별시 용산구  청파로47길 17(청파동3가 24-26),02-712-9892
1018,초월,"경기도 광주시 초월읍 경충대로1127번길 55, E편한세상 B-106호",031-765-9492
1019,초지,경기도 안산시 단원구 초지동 742-9번지 메가쇼핑 113호,031-484-9244
1020,춘천석사,강원도 춘천시 석사동 벌말길 60,033-263-9582
1021,춘천소양,강원도 춘천시  서부대성로47번길 4(요선동 4-18),033-243-8892
1022,춘천효자,"강원도 춘천시  서부대성로 180-1, 1층(효자동 608-21)",033-257-8892
1023,충남논산,충청남도 논산시 내동 1169번지 1층 101호,041-733-9282
1024,충남당진,"충청남도 당진시  무수동7길 78(읍내동 1096, 이안아파트)",041-352-9294
1025,충남태안,충청남도 태안군 태안읍 동문리 터널길 25,041-674-9252
1026,충남합덕,충청남도 당진시 합덕읍 미락4길 33,041-363-9272
1027,충무공,"경상남도 진주시  범골로60번길 12, 107호(충무공동 83-1, 준스타워)",055-761-9248
1028,충무로,서울특별시 중구 충무로4가 120-3 진양상가 2층,02-2268-9295
1029,충북괴산,충청북도 괴산군 괴산읍 읍내로13길 21,043-833-9495
1030,충북오창,"충청북도 청주시 청원구 오창읍 구룡4길 6, 101호(구룡리 429-2)",043-217-9289
1031,충북옥산,"충청북도 청주시 흥덕구 옥산면 가락길 28, 101호",043-263-9966
1032,충북옥천,"충청북도 옥천군 옥천읍 양수로 30-2, 103호(양수리 125-2)",043-731-9279
1033,충북증평읍,충청북도 증평군 증평읍 초중로 45,043-838-9482
1034,충주호암용산,"충청북도 충주시  호암중앙2로 15, 102호(호암동 133-10)",043-855-9599
1035,충효탑정,"경상북도 경주시  충효녹지길 6-17, 1층(충효동 3016)",054-772-8294
1036,칠곡왜관,"경상북도 칠곡군 왜관읍 2번도로길 71, 1층(왜관리 210-75)",054-972-9294
1037,칠금문화,충청북도 충주시 칠금동 칠금3길 16-1,043-856-8294
1038,칠성고성,"대구광역시 북구  호암로 30, 102호(칠성동2가 378-26)",053-354-9494
1039,칠암.망경,경상남도 진주시 주약동 진주대로 849-10,055-762-9285
1040,탄현,경기도 고양시 일산서구 탄현동 현중로26번길 81,031-912-9492
1041,태백,강원도 태백시  상장남길 67,033-553-9482
1042,태장우산,"강원도 원주시  현충로 304-3, 1층(태장동 1284-5)",033-747-9492
1043,"태평2,4동","경기도 성남시 수정구 태평동 탄리로96번길 20, 102호",031-755-9492
1044,통영죽림,"경상남도 통영시 광도면 죽림3로 43-16, 1층(죽림리 1569-29)",055-645-9294
1045,통진,경기도 김포시 통진읍 조강로36번길 39 (주공아파트 상가 101호),031-989-0290
1046,퇴계원,"경기도 남양주시 퇴계원읍 퇴계원로 94, 1층(퇴계원리 95)",031-529-9973
1047,파장,"경기도 수원시 장안구  파장로 67, 101호(정자동 429-22)",031-268-9492
1048,평내,"경기도 남양주시  경춘로1286번안길 4-2, 102(평내동 588-6)",031-594-9492
1049,평창장평,강원도 평창군 용평면 금송1길 49,033-332-4509
1050,평촌스마트,"경기도 안양시 동안구  시민대로327번길 7, 108호(관양동 1746-3, 대명글로벌비즈스퀘어)",031-423-9992
1051,평택팽성,"경기도 평택시 팽성읍 송화택지로 72, A 1층",031-656-8294
1052,포승,"경기도 평택시 포승읍 여술1길 79, 101호,102호(도곡리 1118-6)",031-684-9404
1053,포천,경기도 포천시 신읍동 포천로1585번길 12-1,031-536-9288
1054,포천일동,경기도 포천시 일동면 기산6리 91-36,031-532-9492
1055,포항동해,"경상북도 포항시 남구 동해면 일월로 100, 101호(도구리 697-21)",054-283-9294
1056,포항양덕,경상북도 포항시 북구  천마로 103(양덕동 1321),054-244-9494
1057,포항양포,경상북도 포항시 남구 장기면 동해안로 3268,054-276-9492
1058,포항오천,경상북도 포항시 남구 오천읍 냉천로340번길 16 다운빌딩 1층,054-292-9294
1059,포항죽도,"경상북도 포항시 북구  죽파로 24, 101호(죽도동 201-2)",054-277-8294
1060,포항효곡,"경상북도 포항시 남구  효자동길10번길 27, 1층(효자동 222-7)",054-282-9294
1061,포항흥해,경상북도 포항시 북구 흥해읍 한동로 40번길 20,054-262-8294
1062,표선,제주도 서귀포시 표선면 표선중앙로 106,064-787-8295
1063,풍기,경상북도 영주시 풍기읍 기주로 89,054-637-9294
1064,풍납1호,서울특별시 송파구 풍납2동 토성로 27,02-474-8292
1065,풍덕천1동,"경기도 용인시 수지구  수지로342번길 42, 1층 5호(풍덕천동 715-5)",031-262-9294
1066,풍동,"경기도 고양시 일산동구 풍동 고풍로 72-41, 104호",031-932-9492
1067,풍무,"경기도 김포시  풍무로146번길 52-14, 1층(풍무동 156-2)",031-981-9482
1068,풍향산수,광주광역시 북구 풍향동 579-5번지,062-269-9492
1069,하남신장,경기도 하남시  신평로61번길 18(신장동427-134),031-791-9492
1070,하남풍산,"경기도 하남시  덕풍동로111-10, 113,114호(덕풍동 743, 트윈렉스1)",031-792-9290
1071,하늘도시1호,"인천광역시 중구 강현면 하늘달빛로 64번길 6-3, 스카이프라자 105호",032-746-9492
1072,하복대,충청북도 청주시 흥덕구 복대동 죽천로 120,043-236-5594
1073,하안3.4동,"경기도 광명시  하안로287번길 11, 107호(하안동 52-1, 동명빌딩)",02-893-9282
1074,하월곡,서울특별시 성북구 하월곡동  오패산로3길 122,02-941-9282
1075,하이닉스,"경기도 이천시 부발읍 경충대로2092번길 31, 109호(아미리 670-5)",031-635-9492
1076,학동사거리,"서울특별시 강남구  도산대로50길 21,101호(논현동 99)",02-518-9492
1077,학익,"인천광역시 미추홀구  소성로 168, 1층",032-873-9922
1078,한라초,"제주특별자치도 제주시  연화로3길 3-1, 1층(연동 1527-11)",064-745-9245
1079,한림,제주도 제주시 한림읍 한림상로158-1,064-796-9454
1080,한성대,"서울특별시 성북구  삼선교로2길 3, 1층(삼선동1가 23)",02-762-9294
1081,함덕,"제주특별자치도 제주시 조천읍 조함해안로 434, 2층(함덕리 3114-1)",064-782-5469
1082,함안가야,경상남도 함안군 가야읍 가야로 135 1층,055-583-9282
1083,함안칠원,경상남도 함안군 칠원읍 구성길 43,055-587-9030
1084,함열,전라북도 익산시 함열읍 함열1길 28,063-862-9994
1085,해남,전라남도 해남군 해남읍 법원길 4(구교리 400-1),061-537-9494
1086,해운대중동,"부산광역시 해운대구 중동 달맞이길65번길 15, 103호",051-701-9235
1087,행당,"서울특별시 성동구  행당로 75, 1층(행당동 347)",02-2294-9294
1088,행신2호,"경기도 고양시 덕양구 행신동 중아로 478, 109호",031-972-9294
1089,향남2지구,"경기도 화성시 향남읍 상신하길로298번길 7-27, 111호(하길리 1470-5)",031-352-4837
1090,향남지구,"경기도 화성시 향남읍 행정서로3길 4-16, 102호(행정리 426-5)",031-359-9282
1091,향동,"경기도 고양시 덕양구  꽃내음2길 50-7, 101호(향동동 460-10)",02-3159-9494
1092,헬리오시티,서울특별시 송파구  송파대로37길 88 2층,02-422-9294
1093,현풍,"대구광역시 달성군 현풍읍 현풍중앙로14길 85, 상가 101호(중리 286-2, 금성아파트)",053-617-9492
1094,호계동,경기도 안양시 동안구 호계동 711-1 대영골든타워 제1층 117호,031-452-9292
1095,호매실,경기도 수원시 권선구 금곡동  서수원로523번길 30-35,031-292-8294
1096,호수동,"경기도 안산시 단원구 고잔동 광덕2로 194-8, 108호",031-410-9475
1097,호원1호,경기도 의정부시 유가면 회룡로137번길 38,031-875-0006
1098,호평,"경기도 남양주시  호평로69번길 3-1, 101호(호평동 194-7)",031-592-9392
1099,홍농읍,"전라남도 영광군 홍농읍 상하길 33, 102호",061-356-9004
1100,홍성읍,충청남도 홍성군 홍성읍 문화로33번길 10,041-631-9255
1101,홍은2동,"서울특별시 서대문구  백련사길 6, 1층(홍은동 271-21)",02-395-9293
1102,홍제1호,서울특별시 서대문구 홍제동 155-6번지,02-732-9595
1103,홍제2호,서울특별시 서대문구 홍제동 문화촌길 36,02-720-9492
1104,홍제내곡,강원도 강릉시  남산초교길12번길 16,033-655-9582
1105,홍천,강원도 홍천군 홍천읍 연봉리 502-5번지,033-436-9292
1106,화곡1동,서울특별시 강서구  곰달래로19길 46(화곡동 422-1),02-2694-9294
1107,화곡2.8동,"서울특별시 강서구  곰달래로 212, 1층(화곡동 848-15)",02-2692-9294
1108,화곡4동,서울특별시 강서구 화곡4동 등촌로5가길 37,02-2643-9294
1109,화곡본동,서울특별시 강서구 화곡본동 29-27번지,02-2601-8292
1110,화북삼양,제주도 제주시  진동로1길 13,064-759-9282
1111,화서1동,경기도 수원시 팔달구 화서동 219-1번지 101호,031-248-6999
1112,화성남양,"경기도 화성시 남양읍 역골동로 20-10, 1층(남양리 2067-4, 명작캐슬)",031-356-9207
1113,화성마도,"경기도 화성시 마도면 두곡서길 35, 1층",031-356-5708
1114,화양,"서울특별시 광진구 맹동면 능동로19길 53, 1층",02-461-9993
1115,화정1동,경기도 고양시 덕양구  은빛로29번길 15-4(화정동 923-11),031-967-9592
1116,화정2동,"경기도 고양시 덕양구  중앙로 628, 111호(화정동 1148-1, 예일프라자)",031-973-9294
1117,화천,강원도 화천군 화천읍 중앙로 37번지 ,033-442-9994
1118,황상인의,경상북도 구미시 인의동 여헌로 80,054-473-9482
1119,황성금장,경상북도 경주시 황성동 용담로116번길 7,054-771-9294
1120,회덕,경기도 광주시 구룡포읍 이배재로 108,031-797-9293
1121,효성2동,"인천광역시 계양구  마장로 549, 107호(효성동 506-19, 영진빌딩)",032-547-8294
1122,효자중화산1호,"전라북도 전주시 완산구  효동3길 24, 1층(효자동1가 104-10)",063-232-8294
1123,효자중화산2호,"전라북도 전주시 완산구  용머리로 101, 201호,202호(효자동1가 810, 신원리브웰)",063-223-9492
1124,후곡,"경기도 고양시 일산서구 일산동 일산로 576, 118호",031-913-9289
1125,후평,강원도 춘천시  부평길 8(후평동 832-12),033-253-9952
1126,흥덕지구,"경기도 용인시 기흥구 영덕동 흥덕1로79번길 9, 105호",031-212-9293
