,store,sido,gungu,store_address
0,가경동점,충청북도,청주시흥덕구,충청북도 청주시흥덕구 풍산로 103(복대동)
1,가남점,경기도,여주시,경기도 여주시 가남면 태평중앙1길 8-6
2,가래비점,경기도,양주시,경기도 양주시 광적면 가래비길 24
3,가수원점,대전광역시,서구,대전광역시 서구 벌곡로 1353번길 63
4,가양동점,서울특별시,강서구,"서울특별시 강서구 양천로57길 10-11, 101-1호 (가양동, 이스타빌2차)"
5,가오점,대전광역시,동구,대전광역시 동구 은어송로 77번길 17
6,가운점,경기도,남양주시,경기도 남양주시 가운로2길 63 가운동삼원프라자 105호
7,가정지구1점,인천광역시,서구,인천광역시 서구 봉오재2로 37 104호
8,가좌3점,인천광역시,서구,인천광역시 서구 가석로156번길 23-1
9,가평역전점,경기도,가평군,경기도 가평군 가평읍 가화로 54
10,가평점,경기도,가평군,경기도 가평군 가평읍 가화로 125-1
11,가흥점,경상북도,영주시,경상북도 영주시 창진로 59
12,간성점,강원도,고성군,강원도 고성군 간성읍 간성로 45
13,간현점,강원도,원주시,강원도 원주시 지정면 간현로 188
14,갈곶원동점,경기도,오산시,경기도 오산시 오산로 68(갈곶동)
15,갈마점,대전광역시,서구,대전광역시 서구 갈마로 60(갈마동)
16,갈산점,인천광역시,부평구,인천광역시 부평구 굴포로 42
17,갈산점(이천),경기도,이천시,"경기도 이천시 갈산로 81(갈산동, 102)"
18,갈산점(홍성),충청남도,홍성군,충청남도 홍성군 갈산면 갈산로 109-1
19,감곡점,충청북도,음성군,충청북도 음성군 감곡면 장감로 142
20,강경점,충청남도,논산시,충청남도 논산시 강경읍 계백로 126-1
21,강구점,경상북도,영덕군,경상북도 영덕군 강구면 강구리 453
22,강남대점,경기도,용인시기흥구,경기도 용인시기흥구 강남동로114번 22(상하동)
23,강릉교동점,강원도,강릉시,강원도 강릉시  강릉대로 269 (교동)
24,강릉서부점,강원도,강릉시,강원도 강릉시  임영로 170-3(임당동)
25,강릉옥계점,강원도,강릉시,강원도 강릉시  옥계면 현내시장길 59
26,강릉옥천동점,강원도,강릉시,강원도 강릉시  경강로 2166 1층(옥천동)
27,강릉유천점,강원도,강릉시,강원도 강릉시  선수촌로63번길 5 우미린상가106
28,강릉택지점,강원도,강릉시,강원도 강릉시  율곡초교길39번 23(교동)
29,강북점,대구광역시,북구,대구광역시 북구 읍내동 대천로9길 11-5
30,강상점,경기도,양평군,"경기도 양평군 강상면 강남로 922, 107호"
31,강서점,충청북도,청주시흥덕구,충청북도 청주시흥덕구 가로수로1154 5-21(강서동)
32,강선점,경기도,고양시일산서구,경기도 고양시일산서구 강선로 67번지 유원상가 103호
33,강진점,전라남도,강진군,전라남도 강진군 강진읍 탐진로 76-1
34,강화1점,인천광역시,강화군,인천광역시 강화군 강화읍 강화대로403번길 5
35,강화2점,인천광역시,강화군,인천광역시 강화군 강화읍 중앙로 27
36,개군점,경기도,양평군,경기도 양평군 개군면 하자포길 35
37,개금점,부산광역시,부산진구,부산광역시 부산진구 개금본동로32 
38,개봉1점,서울특별시,구로구,"서울특별시 구로구 개봉로11길 13, 1층 3호(개봉동)"
39,개신점,충청북도,청주시서원구,충청북도 청주시서원구 장구봉로 130 1층
40,개운점,강원도,원주시,강원도 원주시 송림길 48-10(개운동)
41,개포3점,서울특별시,강남구,서울특별시 강남구 개포로22길 23. 지상1층(개포동)
42,거모점,경기도,시흥시,"경기도 시흥시 도일로 100-3, 103호"
43,거제상동점,경상남도,거제시,경상남도 거제시 상동1길 15-11
44,거진점,강원도,고성군,강원도 고성군 거진읍 거탄진로 117
45,거창점,경상남도,거창군,경상남도 거창군 거창읍 거열로2길 17
46,건등점,강원도,원주시,"강원도 원주시 문막읍 왕건로 96, 지하1층"
47,건영점,경기도,고양시일산서구,경기도 고양시일산서구  성저로110
48,건천점,경상북도,경주시,"경상북도 경주시 건천읍 내서로 1126, 101"
49,검암경서점,인천광역시,서구,"인천광역시 서구 승학로 426, 우주프라자 104"
50,경기송산점,경기도,화성시,경기도 화성시 수노을1로 191
51,경남고성점,경상남도,고성군,경상남도 고성군 고성읍 중앙로43번길71
52,경남금산점,경상남도,진주시,경상남도 진주시 금산면 금산로 101
53,경남사천점,경상남도,사천시,경상남도 사천시 사천읍 정의1길 16
54,경남양산점,경상남도,양산시,경상남도 양산시 중앙로 111
55,경복점,서울특별시,강남구,"서울특별시 강남구 봉은사로43길 8, 1층 (논현동)"
56,경안점,경기도,광주시,경기도 광주시 중앙로 179 (송정동)
57,경포대점,강원도,강릉시,강원도 강릉시  해안로 501 
58,계양1동점,인천광역시,계양구,인천광역시 계양구 황어로115번길 10
59,고강1점,경기도,부천시오정구,경기도 부천시오정구 소사로794번길 59
60,고강2점,경기도,부천시오정구,경기도 부천시오정구 고리울로52번길 35
61,고담리점,경기도,이천시,경기도 이천시 대월면 대산로288번길 72
62,고대점,충청남도,당진시,충청남도 당진시 고대면 고대로 47
63,고덕역점,서울특별시,강동구,"서울특별시 강동구 아리수로64길 11, 1층 (고덕동)"
64,고덕점,충청남도,예산군,충청남도 예산군 고덕면 용고길 353
65,고매리점,경기도,용인시기흥구,경기도 용인시기흥구 동탄기흥로 700 1층 (고매동)
66,고북점,충청남도,서산시,충청남도 서산시 고북면 고북1로 305-3
67,고양동점,경기도,고양시덕양구,경기도 고양시덕양구 혜음로8 
68,고잔2점,경기도,안산시단원구,"경기도 안산시단원구 민속공원로 95, 104호"
69,고잔점,경기도,안산시단원구,"경기도 안산시단원구 적금로 244, 문화연립상가동 110"
70,고척점,서울특별시,구로구,서울특별시 구로구 고척로 183-1
71,고천점,경기도,의왕시,"경기도 의왕시 효행로 44(오전동, 의왕빌딩3호)"
72,고한점,강원도,정선군,강원도 정선군  고한읍 고한로 151-1
73,곡반정점,경기도,수원시권선구,경기도 수원시권선구 곡선로50번길 48
74,곤명점,경상남도,사천시,경상남도 사천시 곤명면 완사2길23
75,곤지암점,경기도,광주시,경기도 광주시 곤지암읍 곤지암로 158
76,공덕동점,서울특별시,마포구,서울특별시 마포구 효창목4길 25
77,공덕역점,서울특별시,마포구,"서울특별시 마포구 마포대로11길 75 102 (공덕동, 공덕현대아파트상가)"
78,공도점,경기도,안성시,경기도 안성시 공도읍 고무다리길 10-1
79,공릉철길공원점,서울특별시,노원구,서울특별시 노원구 동일로184길 69. 1층(공릉동)
80,공성점,경상북도,상주시,경상북도 상주시 공성면 옥산리 290-8
81,공주산성동점,충청남도,공주시,충청남도 공주시 산성찬호길 1(산성동)
82,공주중동점,충청남도,공주시,충청남도 공주시 웅진로 140(중동)
83,과학단지점,충청북도,청주시청원구,충청북도 청주시청원구 오창읍 오창중앙로 94
84,관산점,경기도,고양시덕양구,경기도 고양시덕양구 통일로802번길 71
85,관양1점,경기도,안양시동안구,경기도 안양시동안구 관평로327번길 25 101호
86,관음점,대구광역시,북구,대구광역시 북구 칠곡중앙대로95 48-1
87,관저1점,대전광역시,서구,대전광역시 서구 관저동 981 원앙쇼핑109호
88,광교점,경기도,수원시영통구,"경기도 수원시영통구 대학1로8번길 59, 1층103호(이의동)"
89,광나루점,서울특별시,광진구,"서울특별시 광진구 아차산로78길 165, 1층 102호(광장동)"
90,광릉내점,경기도,남양주시,경기도 남양주시 진접읍 진벌로 85-4
91,광명1점,경기도,광명시,경기도 광명시 오리로 937
92,광명2점,경기도,광명시,경기도 광명시 광화로 16
93,광명역점,경기도,광명시,"경기도 광명시 신기로17번길 6, 1층102호(일직동,케이스퀘어)"
94,광산점,광주광역시,광산구,광주광역시 광산구 송정로1번길 86
95,광안점,부산광역시,수영구,부산광역시 수영구 무학로33번길 55
96,광양점,전라남도,광양시,전라남도 광양시 광양읍 인서중앙길 43
97,광장동점,서울특별시,광진구,서울특별시 광진구 구의로16길 23
98,광주점,경기도,광주시,경기도 광주시 문화로 6(역동)
99,광주지사, ,,
100,광천점,충청남도,홍성군,충청남도 홍성군 광천읍 광천로 312
101,광탄점,경기도,파주시,경기도 파주시 광탄면 혜음로 1127-1
102,광혜원점,충청북도,진천군,충청북도 진천군 광혜원면 화랑5길 8
103,괴산점,충청북도,괴산군,"충청북도 괴산군 괴산읍 읍내로11번길, 8-5"
104,괴안1점,경기도,부천시소사구,"경기도 부천시소사구 부광로8번길 39,104(괴안동)"
105,괴정1점,대전광역시,서구,대전광역시 서구 갈마로 170
106,교대역점,서울특별시,서초구,서울특별시 서초구 서초대로60길 25 1층
107,교하신도시점,경기도,파주시,경기도 파주시 숲속노을로 300 상가동 1층 104호
108,구곡현대점,강원도,원주시,강원도 원주시 남원로 492-14(단구동1576-3)
109,구래점,경기도,김포시,경기도 김포시  김포한강4로420번길 88
110,구례점,전라남도,구례군,전라남도 구례군 구례읍 중앙로 35
111,구로2동점,서울특별시,구로구,서울특별시 구로구 구로동로23길 7
112,구리남점,경기도,구리시,"경기도 구리시 안골로20번길 28(교문동, 1층)"
113,구미송정점,경상북도,구미시,경상북도 구미시 신시로14길 14
114,구반월점,경기도,안산시상록구,경기도 안산시상록구 남산평1길 3
115,구성마북점,경기도,용인시기흥구,경기도 용인시기흥구 연원로 5(마북동)
116,구암점,전라북도,군산시,전라북도 군산시 서당길 9 102호
117,구운점,경기도,수원시권선구,"경기도 수원시권선구 구운로32, 1층(구운동)"
118,구월1동점,인천광역시,남동구,인천광역시 남동구 용천로17번길 15
119,구의동점,서울특별시,광진구,서울특별시 광진구 자양로 322 (구의동)
120,군남점,경기도,연천군,경기도 연천군 군남면 군남로 115
121,군위점,경상북도,군위군,경상북도 군위군 군위읍 서부리 57-1
122,군자11점,경기도,안산시단원구,경기도 안산시단원구 선부광장남로 109 가동상가 110호
123,군포당동점,경기도,군포시,"경기도 군포시 군포로510번길 25(당동, 당동누리에뜰해밀제1층118호)"
124,궁동점(대전),대전광역시,유성구,대전광역시 유성구 궁동로 18번길 94
125,권선점,경기도,수원시권선구,경기도 수원시권선구 세권로181번길 13(권선동)
126,궐동대우점,경기도,오산시,경기도 오산시 청학로 173번길 18(수청동)
127,근화점,전라남도,목포시,전라남도 목포시 산정로 268-3
128,금곡점,경기도,남양주시,경기도 남양주시 사릉로 14
129,금곡점(수원),경기도,수원시권선구,경기도 수원시권선구 금곡로140번길 95-27 1층 101호
130,금산2점,충청남도,금산군,충청남도 금산군 금산읍 건삼전길 38
131,금암점,전라북도,전주시덕진구,전라북도 전주시덕진구 조경단로 44
132,금오점,경기도,의정부시,경기도 의정부시 금신로 398
133,금왕점,충청북도,음성군,충청북도 음성군 금왕읍 탑골길 18
134,금장점,경상북도,경주시,경상북도 경주시 현곡면 금장5길 20-20
135,금촌주공점,경기도,파주시,경기도 파주시 한마음2길 25
136,금호로타리점,서울특별시,성동구,서울특별시 성동구 무수막길 89-2
137,금호역점,서울특별시,성동구,서울특별시 성동구 독서당로 287
138,기계점,경상북도,포항시북구,경상북도 포항시북구 기계면 기계로 63-1
139,기아점,경기도,광명시,경기도 광명시 기아로 25-1
140,기업도시점(원주),강원도,원주시,강원도 원주시 지정면 신지정로295
141,기업도시점(충주),충청북도,충주시,"충청북도 충주시 중앙탑면 원앙9길 15 , 1층 112호"
142,기장점,부산광역시,기장군,부산광역시 기장군 기장읍 대라리 129-1
143,기지시점,충청남도,당진시,충청남도 당진시 송악읍 틀모시로 783-1
144,길동3점,서울특별시,강동구,"서울특별시 강동구 천호대로185길 89(길동, 1층)"
145,길음점,서울특별시,성북구,서울특별시 성북구 길음로 74 길음뉴타운5단지 2-105
146,김해내동점,경상남도,김해시,경상남도 김해시 평전로 154(내동)
147,김해중앙점,경상남도,김해시,경상남도 김해시 가락로15번길 12
148,까치산점,서울특별시,강서구,"서울특별시 강서구 강서로12길 3  (화곡동, 인터시티빌라 1층 102호)"
149,꼬꼬점,경상북도,포항시북구,경상북도 포항시북구 칠성천길 98
150,꿈.연화점,경기도,부천시원미구,경기도 부천시원미구 옥산로 86
151,낙성대1점,서울특별시,관악구,서울특별시 관악구 인헌3가길 2 (봉천동)
152,난곡점,서울특별시,관악구,서울특별시 관악구 문성로16가길 43
153,남목점,울산광역시,동구,울산광역시 동구 동해안로 40-2(동부동)
154,남부점,강원도,원주시,강원도 원주시 남원로 617-2(명륜동)
155,남원노암점,전라북도,남원시,전라북도 남원시 노송로 1231 한신아파트상가 102호
156,남원점,제주특별자치도,서귀포시,제주특별자치도 서귀포시 태위로 689(남원항공)
157,남중모현점,전라북도,익산시,"전라북도 익산시  고현로14길 53, 1층"
158,남창덕신점,울산광역시,울주군,울산광역시 울주군 온양읍 연안8길30
159,남촌점,경기도,오산시,경기도 오산시 성호대로 24-1(오산동)
160,남해점,경상남도,남해군,경상남도 남해군 남해읍 화전로48
161,내곡동점,강원도,강릉시,강원도 강릉시  관대길 70(내곡동)
162,내동2점,대전광역시,서구,대전광역시 서구 동서대로 977
163,내동점,경기도,부천시오정구,경기도 부천시오정구 삼작로96번길 21(내동 19-12)
164,내면점,강원도,홍천군,강원도 홍천군  내면읍 창촌로 48
165,내손동점,경기도,의왕시,"경기도 의왕시 계원대학로 26, 201호 (내손동, 주영프라자)"
166,내포1점,충청남도,홍성군,충청남도 홍성군 홍북읍  애향2길 2
167,노량점,경상남도,남해군,경상남도 남해군  설천면 노량로201
168,노은반석점,대전광역시,유성구,"대전광역시 유성구 노은서로266번 77, 104호(지상1층)"
169,노학점,강원도,속초시,강원도 속초시 교동로 55(교동)
170,녹양점,경기도,의정부시,"경기도 의정부시 비우로20번길 29(가능동,지상1층)"
171,논산2점,충청남도,논산시,충청남도 논산시 계백로 1008
172,논산대교점,충청남도,논산시,충청남도 논산시 대화로133번길 9-5
173,논산주공점,충청남도,논산시,"충청남도 논산시 논산대로 348번길 7, 상가-101(취암동,주공아파트)"
174,논현동점,서울특별시,강남구,"서울특별시 강남구 강남대로128길 27(논현동, 지상1층 102호)"
175,농암점,경상북도,문경시,경상북도 문경시 농암면 청암2길 10
176,능곡점,경기도,고양시덕양구,"경기도 고양시덕양구 토당로78번길 7-10, 1층(토당동)"
177,다인점,경상북도,의성군,경상북도 의성군 다인면 서릉길 59
178,단계점,강원도,원주시,강원도 원주시 원문로 85 1층(학성동)
179,단계택지점,강원도,원주시,강원도 원주시 금불3길 34(단계동)
180,단관점,강원도,원주시,강원도 원주시 단관길 163(관설동)
181,단구점,강원도,원주시,강원도 원주시 치악로 1629 (단구동)
182,단월동점,경기도,이천시,경기도 이천시 단월로 29(단월동)
183,달동1점,울산광역시,남구,울산광역시 남구 왕생로100번길 25-1
184,달동2점,울산광역시,남구,"울산광역시 남구 번영로107번길 3, 203(달동, 주공아파트)"
185,달전점,경상북도,포항시북구,경상북도 포항시북구 흥해읍 도음로877번길 9 삼도미래타운106-106
186,답십리점,서울특별시,동대문구,"서울특별시 동대문구 전농로3길 52-2, 1층(답십리동)"
187,당감점,부산광역시,부산진구,부산광역시 부산진구 당감서로 78
188,당북점,경상북도,안동시,경상북도 안동시 대안로 65-2
189,당산동점,서울특별시,영등포구,서울특별시 영등포구 영중로 114 (영등포동8가)
190,당수동점,경기도,수원시권선구,경기도 수원시권선구 당진로 14번길 57 상가 105(당수동)
191,당진1점,충청남도,당진시,충청남도 당진시 당진중앙2로 54-5
192,당진2점,충청남도,당진시,충청남도 당진시 무수동로 195
193,당진3점,충청남도,당진시,충청남도 당진시 원당로 55
194,당진신평점,충청남도,당진시,충청남도 당진시 신평로 827
195,대강점,충청북도,단양군,충청북도 단양군 대강면 대강로 59-1
196,대고점,대전광역시,중구,"대전광역시 중구 테미로 31-1(대흥동, 1층)"
197,대광리점,경기도,연천군,경기도 연천군 신서면 도대로3번길 33
198,대구고성점,대구광역시,서구,대구광역시 서구 원대로13길 16
199,대구남산점,대구광역시,중구,대구광역시 중구 남산로2길 13(남산동)
200,대구대명점,대구광역시,남구,대구광역시 남구 두류공원로17길 48
201,대구상동점,대구광역시,수성구,대구광역시 수성구 청수로3길 87
202,대구서문점,대구광역시,서구,대구광역시 서구 국채보상로76길 45-6
203,대구송정점,대구광역시,동구,대구광역시 동구 반야월로 396
204,대구신당점,대구광역시,달서구,대구광역시 달서구 서당로7길 109
205,대구지사, ,,
206,대구지산점,대구광역시,수성구,대구광역시 수성구 용학로35길 17
207,대림동산점,경기도,안성시,경기도 안성시 공도읍 양기길 48 
208,대림역점,서울특별시,구로구,서울특별시 구로구 구로중앙로8길 17
209,대림점,서울특별시,영등포구,서울특별시 영등포구 대림로34길 14-1
210,대명계대점,대구광역시,남구,대구광역시 남구 중앙대로31길 176
211,대방동점,서울특별시,동작구,서울특별시 동작구 등용로 112-1
212,대봉점,대구광역시,중구,대구광역시 중구 동덕로6길 12-14
213,대산점,충청남도,서산시,충청남도 서산시 대산읍 구진로 61-1
214,대소점,충청북도,음성군,충청북도 음성군 대소면 오태로99번길 12-4
215,대신점,경기도,여주시,경기도 여주시 대신면 여양로 1452
216,대연점,부산광역시,남구,부산광역시 남구 천제등로28번길 50
217,대우점,인천광역시,부평구,"인천광역시 부평구 길주로394번길 5, 1층102호(산곡동,모모)"
218,대전옥계점,대전광역시,중구,대전광역시 중구 대종로 59(옥계동)
219,대전용문점,대전광역시,서구,대전광역시 서구 용문로 35-18
220,대전지사, ,,
221,대전터미널점,대전광역시,동구,대전광역시 동구 동서대로1695번길 106
222,대조동점,서울특별시,은평구,서울특별시 은평구 역말로9길 40-1. 1층(대조동)
223,대진점,강원도,고성군,강원도 고성군 현내면 한나루로 112-1
224,대천해수욕장점,충청남도,보령시,충청남도 보령시 해수욕장4길 68
225,대치동점,서울특별시,강남구,서울특별시 강남구 남부순환로 2917 (1층 108호)
226,대학로점,강원도,삼척시,강원도 삼척시  대학로 45(당저동)
227,대화장성점,경기도,고양시일산서구,경기도 고양시일산서구 호수로838번길 22
228,대화점(강원),강원도,평창군,강원도 평창군  대화면 대화3길 46
229,덕산점,충청북도,진천군,충청북도 진천군 덕산면 덕금로 809
230,덕절리점,경기도,화성시,경기도 화성시 정남면 발안로 1177
231,덕천점,경기도,안양시만안구,경기도 안양시만안구 덕천로128번길 18(안양동)
232,덕풍동점,경기도,하남시,"경기도 하남시 신장로 104, 1층 (신장동, 성원쌍떼빌)"
233,도계점,강원도,삼척시,"강원도 삼척시  도계읍 도계로 228, 1/3"
234,도고점,충청남도,아산시,충청남도 아산시 도고면 아산만로 162-1
235,도구점,경상북도,포항시남구,경상북도 포항시남구 동해면 일월로 116
236,도당점,경기도,부천시원미구,경기도 부천시원미구 옥산로 145
237,도련점,제주특별자치도,제주시,"제주특별자치도 제주시 삼봉로 115, 미듬하나로맨션상가 103호"
238,도림주공점,인천광역시,남동구,인천광역시 남동구 논고개로 299
239,도립대점,강원도,강릉시,강원도 강릉시  주문진읍 연주로 261-1
240,도마점,대전광역시,서구,대전광역시 서구 도마5길 4
241,도봉점,서울특별시,도봉구,"서울특별시 도봉구 도봉로164길 10(도봉동, 1층)"
242,도안지구점,대전광역시,유성구,대전광역시 유성구 원신흥남로 11번길 6-22 (102호)
243,도영점,강원도,원주시,강원도 원주시 남원로 527번길 6-34(명륜동)
244,도평점,경기도,광주시,경기도 광주시 초월읍 현산로 89-6
245,독산1점,서울특별시,금천구,서울특별시 금천구 가산로 80
246,독산3점,서울특별시,금천구,서울특별시 금천구 독산로 319 (독산동)
247,동광양점,전라남도,광양시,전라남도 광양시 중마로 201
248,동대동점,충청남도,보령시,충청남도 보령시 작은오랏2길 60-6
249,동두천역전점,경기도,동두천시,경기도 동두천시 생연로 120(생연동)
250,동두천터미널점,경기도,동두천시,경기도 동두천시 중앙로265번길 15
251,동명동점,강원도,속초시,강원도 속초시 번영로105번길 19(동명동)
252,동명점,경상북도,칠곡군,경상북도 칠곡군 동명면 봉암1길 7
253,동백점,경기도,용인시기흥구,경기도 용인시기흥구 동백동 662번지
254,동삼점,부산광역시,영도구,부산광역시 영도구 태종로 688-2(동삼동)
255,동송점,강원도,철원군,강원도 철원군  동송읍 금학로 232
256,동아점,경기도,고양시일산동구,경기도 고양시일산동구 강송로 196 동아아파트상가 1-3
257,동암남점,인천광역시,부평구,인천광역시 부평구 경인로701번길 43 1층
258,동천동점,경기도,용인시수지구,경기도 용인시수지구 고기로45번길 58 동문그린아파트 상가101호
259,동천점,경상북도,경주시,경상북도 경주시 탈해로47번길 6-4
260,동촌점,대구광역시,동구,대구광역시 동구 해동로 243-1
261,동탄1점,경기도,화성시,"경기도 화성시 동탄지성로 150-9(능동,상가101호)"
262,동탄2점,경기도,화성시,경기도 화성시 동탄청계로 303-14
263,동탄목동점,경기도,화성시,경기도 화성시 목동 462-4
264,동탄반송점,경기도,화성시,"경기도 화성시 노작로3길 22,1층 일부호(반송동)"
265,동탄한백점,경기도,화성시,경기도 화성시 동탄대로24길 117
266,동해점,강원도,동해시,강원도 동해시  천곡2길 4(천곡동)
267,두구동점,부산광역시,금정구,부산광역시 금정구 체육공원로 618
268,두정점,충청남도,천안시서북구,충청남도 천안시서북구 부성6길 23
269,둔덕점,전라남도,여수시,전라남도 여수시 만성로 20
270,둔산1점,대전광역시,서구,대전광역시 서구 둔산로 201 국화동성@상가 202호
271,둔산2점,대전광역시,서구,대전광역시 서구 둔산로218번길 29
272,뚝섬점,서울특별시,광진구,서울특별시 광진구 뚝섬로23길 50
273,레이크타운점,경기도,안산시단원구,"경기도 안산시단원구 광덕1로 195, 104호"
274,마석점,경기도,남양주시,"경기도 남양주시 화도읍 비룡로 185-20, 210(삼진상가2층)"
275,마송점,경기도,김포시,경기도 김포시 통진읍 조강로 49
276,마장점,경기도,이천시,경기도 이천시 마장면 중앙로6번길 15
277,마전역점,인천광역시,서구,인천광역시 서구 완정로 70
278,마전점,충청남도,금산군,충청남도 금산군 추부면 마전로 55
279,마천1점,서울특별시,송파구,서울특별시 송파구 마천로61길 9(마천동)
280,마평리점,경기도,용인시처인구,경기도 용인시처인구 금령로 129(마평동)
281,만년점,대전광역시,서구,대전광역시 서구 만년로16번길 27(만년동)
282,만수1점,인천광역시,남동구,"인천광역시 남동구 만수서로 97-17, 103호"
283,만수3점,인천광역시,남동구,인천광역시 남동구 백범로214번길 6-2
284,만수삼환점,인천광역시,남동구,인천광역시 남동구 소래로669번길 30 106호
285,만수주공점,인천광역시,남동구,인천광역시 남동구 장승남로34번길 22 상가 111호
286,만촌점,대구광역시,수성구,대구광역시 수성구 국채보상로 1024
287,망상점,강원도,동해시,"강원도 동해시  동해대로 6270-16, 1층 111호(망상동)"
288,망원동점,서울특별시,마포구,서울특별시 마포구 방울내로 66
289,매산점,경기도,수원시팔달구,경기도 수원시팔달구 갓매산로26번길 24
290,매송점,경기도,화성시,경기도 화성시 매송면 화성로 2358번길 37
291,매탄점,경기도,수원시영통구,경기도 수원시영통구 동수원로514번 15 103호
292,매화동점,경기도,시흥시,경기도 시흥시 매화1로 21
293,명곡점,대구광역시,달성군,대구광역시 달성군 화원읍 비슬로 2420
294,명보점,충청북도,제천시,충청북도 제천시 용두천로 112(남천동)
295,명일점,서울특별시,강동구,서울특별시 강동구 동남로67길 44(명일동)
296,모가점,경기도,이천시,경기도 이천시 모가면 진상미로 1257(성광주택)
297,모현점,경기도,용인시처인구,경기도 용인시처인구 모현면 외대로 36
298,목감점,경기도,시흥시,경기도 시흥시 동서로 1095
299,목동1점,서울특별시,양천구,서울특별시 양천구 목동중앙로 49
300,목동3점,서울특별시,양천구,"서울특별시 양천구 목동동로 50 A-111(신정동, 목동아파트)"
301,목동시장점,서울특별시,양천구,서울특별시 양천구 목동중앙남로10길 7
302,목상석봉점,대전광역시,대덕구,"대전광역시 대덕구 대덕대로1454 11-6(목상동,1층)"
303,목행점,충청북도,충주시,충청북도 충주시 행정10길 10(목행동)
304,무거1점,울산광역시,남구,울산광역시 남구 신복로23번길 15(무거동)
305,무실점,강원도,원주시,강원도 원주시 시청로 88-1
306,무주점,전라북도,무주군,전라북도 무주군 무주읍 향학로 42
307,무지개점,경기도,성남시분당구,"경기도 성남시분당구 미금로 23 (구미동, 무지개마을)  106호"
308,묵동점,서울특별시,중랑구,서울특별시 중랑구 동일로149길 15
309,묵호점,강원도,동해시,"강원도 동해시  발한로 137(발한동, 가동)"
310,문경점,경상북도,문경시,경상북도 문경시 문경읍 주흘로 29
311,문덕점,경상북도,포항시남구,경상북도 포항시남구 오천읍 해병로 405 청호아파트상가 101호  
312,문막점,강원도,원주시,강원도 원주시 문막읍 문막시장1길 55-2
313,문산점,경기도,파주시,"경기도 파주시 문산읍 문향로 82,  102호"
314,문정점,서울특별시,송파구,"서울특별시 송파구 송이로33길 6-17(문정동, 지상1층)"
315,문촌점,경기도,고양시일산서구,경기도 고양시일산서구 대산로 183
316,문학점,인천광역시,미추홀구,"인천광역시 미추홀구 승학길 4(문학동, 101호)"
317,문화동점,충청북도,충주시,충청북도 충주시 사직산1길 15-11(문화동)
318,문화점,대전광역시,중구,대전광역시 중구 보문산로161번 61
319,미금점,경기도,성남시분당구,경기도 성남시분당구 미금일로 55 상가동108호
320,미룡산북점,전라북도,군산시,전라북도 군산시 부곡로 125(미룡동)
321,미사1점,경기도,하남시,"경기도 하남시 미사강변중앙로 223, 113호 (망월동, 센트럴파크1)"
322,미아점,서울특별시,강북구,서울특별시 강북구 도봉로29길 10 1층
323,미원점,충청북도,청주시상당구,충청북도 청주시상당구 미원면 미원시내2길 19-3
324,민락점,경기도,의정부시,경기도 의정부시 오목로 99
325,박달동점,경기도,안양시만안구,경기도 안양시만안구 박달로 471
326,반구점,울산광역시,중구,울산광역시 중구 화합로 403 (반구동)
327,반달마을점,경기도,부천시원미구,경기도 부천시원미구 상일로 69 1층
328,반송2점,부산광역시,해운대구,부산광역시 해운대구 반송로924번길 27-2
329,반월점,전라북도,전주시덕진구,전라북도 전주시덕진구 반월3길 19 (반월주공아파트상가 104호)
330,발산동점,서울특별시,강서구,서울특별시 강서구 우장산로 9(내발산동)
331,방어진점,울산광역시,동구,울산광역시 동구 화문로 75
332,방이2점,서울특별시,송파구,"서울특별시 송파구 오금로23길 25, 나동 1층 (방이동)"
333,방화1점,서울특별시,강서구,서울특별시 강서구 양천로11길 8(방화동 487-8 1층)
334,방화2점,서울특별시,강서구,"서울특별시 강서구 방화동로 116-1(방화동, 1층)"
335,배곧1점,경기도,시흥시,경기도 시흥시 서울대학로278번길 25-8
336,배방점,충청남도,아산시,충청남도 아산시 배방읍 모산로 172
337,배시내점,경상북도,김천시,경상북도 김천시 감문면 배시내길14
338,백련시장점,서울특별시,서대문구,서울특별시 서대문구 증가로 135(남가좌동)
339,백사점,경기도,이천시,경기도 이천시 백사면 현방로 78-2
340,백암점,경상북도,울진군,경상북도 울진군 온정면 소태로 3
341,백양사점,전라남도,장성군,전라남도 장성군 북하면 백양로 904
342,백천점,경상북도,경산시,경상북도 경산시 백천동 경청로219길 4-6 108호 
343,백학점,경기도,연천군,경기도 연천군 백학면 백두길 69-4
344,번동점,서울특별시,강북구,서울특별시 강북구 오현로32길 4-3 1층 5호
345,범서점,울산광역시,울주군,울산광역시 울주군 범서읍 점촌5길 37
346,범어점,경상남도,양산시,경상남도 양산시 물금읍 동중5길22
347,범어B점,대구광역시,수성구,대구광역시 수성구 동대구로77길 24
348,법1동점,대전광역시,대덕구,대전광역시 대덕구 계족로 663번길 30
349,법2동점,대전광역시,대덕구,대전광역시 대덕구 계족산로17번길 81
350,법원점,경상북도,포항시북구,경상북도 포항시북구 장량중앙로 84
351,별내점,경기도,남양주시,경기도 남양주시 별내중앙로 26
352,병점점,경기도,화성시,경기도 화성시 병점로 58(병점동)
353,병천점,충청남도,천안시동남구,충청남도 천안시동남구 병천면 아우내장터2길 46
354,보개점,경기도,안성시,경기도 안성시 보개면 남사당로 1-3
355,보광2점,서울특별시,용산구,"서울특별시 용산구 장문로6길 101, 지상1층(동빙고동 1-9)"
356,보라점,경기도,용인시기흥구,경기도 용인시기흥구 사은로 116
357,보령웅천점,충청남도,보령시,충청남도 보령시 웅천읍 충서로 872
358,보은점,충청북도,보은군,충청북도 보은군 보은읍 삼산로 31
359,복대점,충청북도,청주시흥덕구,충청북도 청주시흥덕구 복대로 199번길 3
360,복수점,대전광역시,서구,대전광역시 서구 복수북로 61
361,본리점,대구광역시,달서구,대구광역시 달서구 대명천로42길 26
362,본오2점,경기도,안산시상록구,경기도 안산시상록구 각골로 123
363,봉곡점,경상북도,구미시,경상북도 구미시 봉곡남로9길 35
364,봉담와우리점,경기도,화성시,경기도 화성시 봉담읍 와우로15번길 55-9 효성@상가1층
365,봉담점,경기도,화성시,경기도 화성시 봉담읍 진등1길 57-1
366,봉덕2점,대구광역시,남구,대구광역시 남구 대봉로 35
367,봉동주공점,전라북도,완주군,전라북도 완주군 봉동읍 낙평리 1245 104호
368,봉산점,강원도,원주시,강원도 원주시 치악로 1867 (봉산동)
369,봉암리점,경기도,양주시,경기도 양주시 은현면 은현로 521
370,봉일천점,경기도,파주시,경기도 파주시 조리읍 두루봉로 5
371,봉천현대점,서울특별시,관악구,"서울특별시 관악구 양녕로 35-1, 1층(봉천동)"
372,봉평점,강원도,평창군,강원도 평창군  봉평면 기풍3길 28
373,봉화점,경상북도,봉화군,경상북도 봉화군 봉화읍 내성리 236-17
374,부강점,세종특별자치시,부강면,세종특별자치시  부강면 부강2길 11
375,부개주공점,인천광역시,부평구,"인천광역시 부평구 부개로 79, (부개동,부개택지개발1블럭)"
376,부곡점(안산),경기도,안산시상록구,"경기도 안산시상록구 성호로 258, 안산제2종합시장 1003호"
377,부곡점(의왕),경기도,의왕시,경기도 의왕시 솔밭길 31
378,부발점,경기도,이천시,경기도 이천시 부발읍 무촌로 137
379,부산송정점,부산광역시,해운대구,부산광역시 해운대구 송정중앙로 15-1
380,부산신평점,부산광역시,사하구,부산광역시 사하구 다대로142번길 130(신평동)
381,부산지사, ,,
382,부석점,경상북도,영주시,경상북도 영주시 부석면 소천리 381-7
383,부송점,전라북도,익산시,전라북도 익산시 부송1로 65
384,부안점,강원도,춘천시,강원도 춘천시 후석로 261(후평동)
385,부여점,충청남도,부여군,충청남도 부여군 부여읍 성왕로 173번길 12
386,부평점,인천광역시,부평구,"인천광역시 부평구 부평문화로115 번길7, 1층(부평동)"
387,북가좌1점,서울특별시,서대문구,"서울특별시 서대문구 증가로20길 71, 1층(북가좌동)"
388,북가좌2점,서울특별시,서대문구,서울특별시 서대문구 거북골로 148(북가좌동)
389,북내점,경기도,여주시,경기도 여주시 북내면  여양2로 267
390,북문점,경기도,수원시장안구,경기도 수원시장안구 팔달로259번길 9
391,북변점,경기도,김포시,"경기도 김포시 봉화로182번길 29, 113호"
392,북부점(경주),경상북도,경주시,경상북도 경주시 북성로 96
393,북삼점,경상북도,칠곡군,경상북도 칠곡군 북삼읍 평원2길 15
394,북평점,강원도,동해시,강원도 동해시  대동로 131(북평동)
395,분당동점,경기도,성남시분당구,경기도 성남시분당구 수내로 201
396,분평동점,충청북도,청주시서원구,충청북도 청주시서원구 청남로 2005번길 27
397,불광동점,서울특별시,은평구,서울특별시 은평구 불광로 192
398,불노지구점,인천광역시,서구,"인천광역시 서구 검단로 842, 중앙상가동 1층 153호"
399,불당점,충청남도,천안시서북구,충청남도 천안시서북구 불당5길 23
400,비래가양점,대전광역시,동구,대전광역시 동구 가양2동  31-5 1층
401,비산1동점,경기도,안양시동안구,"경기도 안양시동안구 경수대로 946, 111호 (비산동, 대광로제비앙)"
402,비산삼호점,경기도,안양시동안구,경기도 안양시동안구 동안로 259
403,비산B점,대구광역시,서구,대구광역시 서구 통학로48길 35
404,비인점,충청남도,서천군,충청남도 서천군 비인면 비인로 158-1
405,사당4점,서울특별시,동작구,서울특별시 동작구 동작대로7길 34
406,사동2점,경기도,안산시상록구,"경기도 안산시상록구 감골로 43(사동, 102호)"
407,사동리점,경기도,이천시,경기도 이천시 대월면 사동로 162
408,사동점,경기도,안산시상록구,경기도 안산시상록구 후곡4길 25
409,사북점,강원도,정선군,강원도 정선군  사북읍 사북중앙로 13
410,사우동점,강원도,춘천시,강원도 춘천시 영서로 2818(사농동)
411,사우지구점,경기도,김포시,경기도 김포시 김포대로926번 131
412,사직점,부산광역시,동래구,부산광역시 동래구 석사북로 33
413,사창동점,충청북도,청주시서원구,충청북도 청주시서원구 1순환로 698(사창동)
414,사창리점,강원도,화천군,강원도 화천군  사내면 사내로 47-1
415,산본13점,경기도,군포시,"경기도 군포시 고산로677번길 12 우성상가A동 8,9호"
416,산본3점,경기도,군포시,"경기도 군포시 광정로 25-16. 103호(금정동,퇴계종합상가)"
417,산본9점,경기도,군포시,"경기도 군포시 수리산로203번 34 , 1층(산본동)"
418,산본리점,경기도,군포시,"경기도 군포시 금산로 62, 1층 (산본동)"
419,산북점,경기도,여주시,경기도 여주시 산북면 상품로 99
420,산성점,대전광역시,중구,대전광역시 중구 보문산로 78
421,삼광점,강원도,원주시,강원도 원주시 행구로 107
422,삼동점,경기도,광주시,경기도 광주시 순암로 509(삼동)
423,삼방점,경상남도,김해시,경상남도 김해시 삼안로235번길 14(삼방동668-17)
424,삼산점,인천광역시,부평구,인천광역시 부평구 후정동로 15
425,삼성동점,서울특별시,강남구,"서울특별시 강남구 영동대로112길 61, 1층(삼성동)"
426,삼성마을점,경기도,군포시,"경기도 군포시 삼성로 6, 1층 108호 (부곡동, 웅신프라자)"
427,삼송점,경기도,고양시덕양구,경기도 고양시덕양구 삼송로193번길 29   1층
428,삼양동점,서울특별시,강북구,서울특별시 강북구 솔매로 39 (미아동)
429,삼환대우점,인천광역시,연수구,"인천광역시 연수구 원인재로 124, 상가동 1층 116호"
430,삽교점,충청남도,예산군,충청남도 예산군 삽교읍 삽교로2길 2
431,상갈점,경기도,용인시기흥구,경기도 용인시기흥구 금화로108번길 7
432,상계역점,서울특별시,노원구,"서울특별시 노원구 상계로23다길 4, 102호(상계동)"
433,상대원1점,경기도,성남시중원구,경기도 성남시중원구 박석로62번길 1(상대원동)
434,상도4동점,서울특별시,동작구,서울특별시 동작구 양녕로26길 28 1층
435,상도점,서울특별시,동작구,"서울특별시 동작구 만양로 11, 1층 101호 (상도동)"
436,상동점,전라북도,정읍시,전라북도 정읍시 충정로 37
437,상동현대점,경기도,부천시원미구,경기도 부천시원미구 조마루로85번길 9
438,상리점,경기도,여주시,경기도 여주시 청심로 232(상동)
439,상무세정점,광주광역시,서구,광주광역시 서구 상무화원로31번 18
440,상봉동점,서울특별시,중랑구,"서울특별시 중랑구 봉우재로 161, 1층 (상봉동)"
441,상인점,대구광역시,달서구,대구광역시 달서구 상화북로 137
442,상일동점,서울특별시,강동구,"서울특별시 강동구 상일로 29-1, 1층(상일동)"
443,상현점,경기도,용인시수지구,경기도 용인시수지구 만현로 110
444,새마을점,경기도,안양시만안구,경기도 안양시만안구 병목안로 119
445,샘머리점,대전광역시,서구,대전광역시 서구 청사로 281 상록스토아 306
446,서3점,부산광역시,금정구,부산광역시 금정구 금사로 11-1(서동)
447,서귀동문점,제주특별자치도,서귀포시,제주특별자치도 서귀포시 서문로29번길 18
448,서남점,대구광역시,달서구,대구광역시 달서구 당산로41길 69
449,서둔탑동평동점,경기도,수원시권선구,경기도 수원시권선구 서둔로 197-1
450,서면점(충남),세종특별자치시,연서면,세종특별자치시  연서면 당산로 286 대원네스트빌@상가101
451,서문동점,충청북도,청주시상당구,충청북도 청주시상당구  남사로89번길32
452,서부점,경상남도,창원시진해구,경상남도 창원시진해구  충장로 100
453,서산1점,충청남도,서산시,충청남도 서산시 동헌로 129
454,서산부영점,충청남도,서산시,충청남도 서산시 성암1로 56
455,서산삼성점,충청남도,서산시,충청남도 서산시 서령로 137
456,서상점,경상남도,함양군,경상남도 함양군 서상면 서상로 290-2
457,서석점,강원도,홍천군,강원도 홍천군  서석면 구룡령로 2525
458,서울온천점,서울특별시,노원구,"서울특별시 노원구 노원로16길 15, 상가동 1층 104호 (하계동,중계9단지상가)"
459,서울외대점,서울특별시,동대문구,"서울특별시 동대문구 천장산로 3, 1층 좌측 (이문동)"
460,서울지사,서울특별시,금천구,서울특별시 금천구 시흥동 985-14
461,서정점,경기도,평택시,경기도 평택시 송탄로 183
462,서창점,인천광역시,남동구,인천광역시 남동구 운연천로  7
463,서천점,충청남도,서천군,충청남도 서천군 서천읍 서천로 117
464,서천점(용인),경기도,용인시기흥구,"경기도 용인시기흥구 예현로35번길  6 서천동,1층"
465,서초동점,서울특별시,서초구,서울특별시 서초구 효령로 424
466,서현점,경기도,성남시분당구,경기도 성남시분당구 불정로376번길 31
467,석관동점,서울특별시,성북구,"서울특별시 성북구 돌곶이로22길 50, 1층(석관동)"
468,석림점,충청남도,서산시,충청남도 서산시 석림3로 25
469,석문점,충청남도,당진시,충청남도 당진시 석문면 통정3안길 8-15
470,석사점,강원도,춘천시,"강원도 춘천시 공지로252번길 4, 1층(효자동)"
471,석산점,경상남도,양산시,경상남도 양산시 동면 금오12길4-11
472,석적점,경상북도,칠곡군,경상북도 칠곡군 석적읍 북중리 11길 28
473,석촌점,서울특별시,송파구,"서울특별시 송파구 송파대로37길 26, 101호 (석촌동)"
474,석포점,경기도,화성시,경기도 화성시 장안면 버들로 1199
475,선부3점,경기도,안산시단원구,"경기도 안산시단원구 달미로 85-1, 104호"
476,선수촌점,서울특별시,송파구,서울특별시 송파구 올림픽로4길 17
477,선유점,경기도,파주시,경기도 파주시 문산읍 독서울1길 39 휴먼시아상가 106
478,선화점,대전광역시,중구,대전광역시 중구 대전천서로 503
479,설봉점,경기도,이천시,경기도 이천시 향교로 106(창전동)
480,설성점,경기도,이천시,경기도 이천시 설성면 설장로 13
481,설악동점,강원도,속초시,강원도 속초시 청봉로 77
482,설악면점,경기도,가평군,경기도 가평군 설악면 신천중앙로 131
483,성거점,충청남도,천안시서북구,충청남도 천안시서북구 성거읍 성거길 90
484,성건점,경상북도,경주시,경상북도 경주시 금성로 414
485,성남점,경기도,성남시중원구,경기도 성남시중원구 성남대로 1151
486,성남점(울산),울산광역시,중구,울산광역시 중구 새즈믄해거리 19 (성남동2층)
487,성내동점,서울특별시,강동구,서울특별시 강동구 성안로3길 102(성내동)
488,성당점,대구광역시,달서구,대구광역시 달서구 장기로26길 51
489,성대1점,경기도,수원시장안구,경기도 수원시장안구 율전로85번길 15(율전동)
490,성대2점,경기도,수원시장안구,"경기도 수원시장안구 서부로2197번 36-1, 1층"
491,성산동점,서울특별시,마포구,"서울특별시 마포구 월드컵북로 230, 2층5호 (중동,현대상가)"
492,성산점,제주특별자치도,서귀포시,제주특별자치도 서귀포시 성산읍 성산중앙로 36
493,성서점,대구광역시,달서구,대구광역시 달서구 성서서로 316
494,성석점,경기도,고양시일산동구,경기도 고양시일산동구 고봉로 616(성석동)
495,성정2점,충청남도,천안시서북구,충청남도 천안시서북구 서부12길 14
496,성정점,충청남도,천안시서북구,충청남도 천안시서북구 성정로 75
497,성주점(경북),경상북도,성주군,경상북도 성주군 월항면  주산로 397
498,성환점,충청남도,천안시서북구,충청남도 천안시서북구 성환읍 성환중앙로 49
499,세검정점,서울특별시,종로구,서울특별시 종로구 평창문화로 28-1(평창동)
500,세곡점,서울특별시,강남구,서울특별시 강남구 밤고개로34길  (세곡동 1층 16)
501,세류점,경기도,수원시권선구,경기도 수원시권선구 정조로 558(세류동)
502,세종청사점,세종특별자치시,갈매로,"세종특별자치시  갈매로 479, 101호(어진동, 상가동지하1층)"
503,센트럴파크점,인천광역시,연수구,인천광역시 연수구 컨벤시아대로 50
504,소래점,인천광역시,남동구,인천광역시 남동구 청능대로 718 9
505,소양로점,강원도,춘천시,강원도 춘천시 중앙로 126 (소양로4가)
506,소촌점,광주광역시,광산구,광주광역시 광산구 어등대로665번 27
507,속리산점,충청북도,보은군,충청북도 보은군 속리산면 사내6길 5-3
508,송강그린점,대전광역시,유성구,대전광역시 유성구 와룡로 21
509,송강마을점,대전광역시,유성구,대전광역시 유성구 구즉로58번길 12(송강동)
510,송내1점,경기도,부천시소사구,경기도 부천시소사구 경인로120번길 송내동 457-1
511,송내점,경기도,동두천시,경기도 동두천시 거북마루로 24
512,송도신도시점,인천광역시,연수구,"인천광역시 연수구 해돋이로6번길 33, 한진해모로상가 105호"
513,송도점(인천),인천광역시,연수구,인천광역시 연수구 비류대로 216 1층4호
514,송도점(포항),경상북도,포항시남구,경상북도 포항시남구 송림로 47-1
515,송림점,인천광역시,동구,인천광역시 동구 샛골로161번길 25
516,송산점,충청남도,당진시,충청남도 당진시 송산면 송산로 809
517,송악점,충청남도,아산시,충청남도 아산시 송악면 송악로 813
518,송우리점,경기도,포천시,경기도 포천시 소흘읍 송우리730-16
519,송정점,강원도,동해시,"강원도 동해시 동해항2길 5, 7/2(송정동)"
520,송지호점,강원도,고성군,강원도 고성군 죽왕면 동해대로 5902
521,송천점,전라북도,전주시덕진구,전라북도 전주시덕진구 솔내로 111(송천동1가)
522,송촌점,대전광역시,대덕구,대전광역시 대덕구 동춘당로23번길 104
523,송현점,대구광역시,달서구,대구광역시 달서구 월배로74길 24
524,수곡동점,충청북도,청주시서원구,충청북도 청주시서원구 청남로 2092-1(수곡동)
525,수리산역점,경기도,군포시,"경기도 군포시 번영로 403, 211(산본동, 가야주공)"
526,수림점,인천광역시,남동구,인천광역시 남동구 주안로237번길 1
527,수성점,대구광역시,수성구,대구광역시 수성구 달구벌대로458 26
528,수안보점,충청북도,충주시,충청북도 충주시 수안보면 장터2길 20-7
529,수완점,광주광역시,광산구,광주광역시 광산구 수완로9번길 38
530,수원지사, ,,
531,수유점,서울특별시,강북구,"서울특별시 강북구 노해로11길 42, 1층(수유동)"
532,수진점,경기도,성남시수정구,"경기도 성남시수정구 제일로124번길 8, 1층 (수진동)"
533,순흥점,경상북도,영주시,경상북도 영주시 순흥면 읍내리 315-1
534,시화3점,경기도,시흥시,경기도 시흥시 정왕대로53번길 29
535,시화5점,경기도,시흥시,경기도 시흥시 역전로 427 세종상가 104
536,시화6점,경기도,시흥시,경기도 시흥시 중심상가로 132 청솔아파트 상가 104호
537,시화7점,경기도,시흥시,"경기도 시흥시 정왕신길로49번 37,109(서해APT상가)"
538,시화지구점,경기도,시흥시,경기도 시흥시 봉우재로7번길 20
539,시흥사거리점,서울특별시,금천구,서울특별시 금천구 시흥대로57길 41 1층
540,시흥현대점,서울특별시,금천구,"서울특별시 금천구 독산로36길 8, 지하1층 (시흥동)"
541,신갈점,경기도,용인시기흥구,경기도 용인시기흥구 신구로53번길 10-1(신갈동)
542,신공덕점,서울특별시,마포구,"서울특별시 마포구 만리재옛길 20(신공덕동, 1층)"
543,신공항점,인천광역시,중구,"인천광역시 중구 영종대로27번길 41, 상가동 103호"
544,신관점,충청남도,공주시,충청남도 공주시 공주대학로 9-1
545,신관초교점,충청남도,공주시,충청남도 공주시 번영1로 97- 
546,신구로점,서울특별시,구로구,서울특별시 구로구 구로중앙로 28다길21
547,신길2점,서울특별시,영등포구,서울특별시 영등포구 영등포로86길 12 (신길동)
548,신내동점,서울특별시,중랑구,"서울특별시 중랑구 봉화산로 236(신내동, 102호)"
549,신대방역점,서울특별시,관악구,서울특별시 관악구 남부순환로 143길 20
550,신대점,대전광역시,대덕구,대전광역시 대덕구 신탄진로 213
551,신도림점,서울특별시,구로구,서울특별시 구로구 신도림로11다길 23(신도림동)
552,신둔점,경기도,이천시,경기도 이천시 신둔면 경충대로 3172
553,신례원점,충청남도,예산군,충청남도 예산군 예산읍 창말로 8
554,신림2점,서울특별시,관악구,서울특별시 관악구 대학길 70
555,신림점(원주),강원도,원주시,강원도 원주시 신림면 신림황둔로 4
556,신림현대점,서울특별시,관악구,"서울특별시 관악구 신림로 122, 1층 (신림동)"
557,신반점,경상남도,의령군,경상남도 의령군 부림면 신번로 164
558,신부점,충청남도,천안시동남구,충청남도 천안시동남구 터미널5길 14
559,신불당점,충청남도,천안시서북구,충청남도 천안시서북구 불당19로 95
560,신사동점,서울특별시,은평구,"서울특별시 은평구 갈현로3길 33-8, 1층 (신사동)"
561,신선점,부산광역시,영도구,부산광역시 영도구 하나길 614
562,신설동점,서울특별시,종로구,서울특별시 종로구 숭인동길 53-4
563,신성점,대전광역시,유성구,대전광역시 유성구 신선로72번길 30
564,신수동점,서울특별시,마포구,"서울특별시 마포구 토정로 240, 상가동 101호 (신수동, 신수현대아파트)"
565,신수리점,강원도,철원군,강원도 철원군  서면 자등로 595
566,신시가지점,제주특별자치도,서귀포시,제주특별자치도 서귀포시 김정문화로 66(삼주연립주택)
567,신양점,충청남도,예산군,충청남도 예산군 신양면 청신로 364
568,신영통점,경기도,수원시영통구,경기도 수원시영통구 영통로90번길 4-9(망포동485-3)
569,신원당점,경기도,고양시덕양구,경기도 고양시덕양구 고양대로1384 7-24 동문상가 1층 
570,신월4점,서울특별시,양천구,서울특별시 양천구 월정로 60 (신월동)
571,신월7점,서울특별시,양천구,서울특별시 양천구 지양로7길 9
572,신정1점,서울특별시,양천구,"서울특별시 양천구 중앙로32길 55, 1층 101호 (신정동)"
573,신정2점,서울특별시,양천구,"서울특별시 양천구 신목로2길 11, 1층 103호 (신정동,청구아파트상가)"
574,신제주점,제주특별자치도,제주시,제주특별자치도 제주시  신대로124(연동)
575,신창부영점,광주광역시,광산구,광주광역시 광산구 신창로71번길 33
576,신창점,충청남도,아산시,충청남도 아산시 신창면 서부남로 868
577,신천은행점,경기도,시흥시,경기도 시흥시 수인로3325번 15-4
578,신천점,대구광역시,동구,대구광역시 동구 송라로12길 31
579,신탄3점,대전광역시,대덕구,대전광역시 대덕구 신탄진북로 32
580,신태인점,전라북도,정읍시,전라북도 정읍시 신태인읍 신태인중앙로 7-1
581,신풍시장점,서울특별시,영등포구,서울특별시 영등포구 가마산로61길 3-1
582,신항점,충청남도,태안군,충청남도 태안군 근흥면 신진부두길 82
583,신화명점,부산광역시,북구,부산광역시 북구 화명동 산성로12번길 69
584,신흥2점,경기도,성남시수정구,"경기도 성남시수정구 수정남로 101-1, 1층(신흥동)"
585,심곡5점,경기도,부천시원미구,경기도 부천시원미구 부천로103번길 17
586,심곡본1점,경기도,부천시소사구,"경기도 부천시소사구 성주로 159(심곡본동,1층)"
587,심곡점,인천광역시,서구,인천광역시 서구 심곡로 170 상가동 1층 103호
588,십정점,인천광역시,부평구,인천광역시 부평구 배곶남로 18
589,쌍촌시영점,광주광역시,서구,광주광역시 서구 쌍촌로 37
590,아동점,경기도,파주시,"경기도 파주시 경의로 1821, 1층101호"
591,아라점,제주특별자치도,제주시,"제주특별자치도 제주시 인다12길 1 1층, 106호"
592,아산풍기점,충청남도,아산시,충청남도 아산시 어의정로 184
593,아중점,전라북도,전주시덕진구,전라북도 전주시덕진구 인후동1가 880-5
594,아진천곡달천점,울산광역시,북구,울산광역시 북구 달천로 103-19(달천아이파크 2차상가 100동 B109호)
595,안강점,경상북도,경주시,경상북도 경주시 안강읍 비화원로 117
596,안계점,경상북도,의성군,경상북도 의성군 안계면 서부로 1844
597,안녕송산점,경기도,화성시,경기도 화성시 용주로 25 1층 일부호(안녕동)
598,안산3점,경기도,안산시단원구,경기도 안산시단원구 예술대학로 107 상가104호
599,안산상록수점,경기도,안산시상록구,경기도 안산시상록구 본삼로 17 1층 103호
600,안산이동점,경기도,안산시상록구,"경기도 안산시상록구 도매시장로 34-1, 102호"
601,안산일동점,경기도,안산시상록구,경기도 안산시상록구 호동로 81(일동)
602,안산효자점,경기도,안산시단원구,경기도 안산시단원구 선부광장서로1길 15 효자상가103호
603,안서점,충청남도,천안시동남구,충청남도 천안시동남구 중암1길 17
604,안성2점,경기도,안성시,경기도 안성시 개내교1길 4
605,안양5동점,경기도,안양시만안구,경기도 안양시만안구 현충로28번길 45
606,안의점,경상남도,함양군,경상남도 함양군 안의면 강변로 321
607,안중점,경기도,평택시,경기도 평택시 안중읍 안현로서7길 16
608,암사2점,서울특별시,강동구,"서울특별시 강동구 구천면로 337, 1층 (암사동)"
609,암사역점,서울특별시,강동구,서울특별시 강동구 상암로11길 5 (암사동)
610,앙성점,충청북도,충주시,충청북도 충주시 앙성면 가곡로 1033-1
611,애월점,제주특별자치도,제주시,제주특별자치도 제주시 애월로 117
612,야탑점,경기도,성남시분당구,"경기도 성남시분당구 야탑로139번길 18-3 (야탑동,1층)"
613,약대점,경기도,부천시오정구,경기도 부천시오정구 평천로 746
614,약목점,경상북도,칠곡군,경상북도 칠곡군 약목면 약목로 94-2(2층 건물내 1층)
615,약수역점,서울특별시,중구,서울특별시 중구 다산로28길 22 1층
616,양곡1점,경기도,김포시,경기도 김포시 양촌읍 양곡2로60번길 53 101호
617,양덕원점,강원도,홍천군,강원도 홍천군  남면 시동로 4
618,양덕합성점,경상남도,창원시마산회원구,경상남도 창원시마산회원구 합성옛길97 
619,양동점,경기도,양평군,경기도 양평군 양동면 양동시장길 6-5
620,양문점,경기도,포천시,경기도 포천시 영중면 양문로 98-1
621,양벌점,경기도,광주시,경기도 광주시 오포읍 양벌로 216-1
622,양성점,경기도,안성시,경기도 안성시 양성면 읍내길 26
623,양수리점,경기도,양평군,경기도 양평군 양서면 양수로150번길 9-2
624,양재점,서울특별시,서초구,서울특별시 서초구 남부순환로356길 33 광성빌딩 1층
625,양정염포점,울산광역시,북구,울산광역시 북구 염포로 591-1(양정동)
626,양주백석점,경기도,양주시,경기도 양주시 백석읍 양주산성로 564-1 1층
627,양평옥천점,경기도,양평군,"경기도 양평군 옥천면 북부길9번길, 5"
628,양평용문점,경기도,양평군,경기도 양평군 용문면 용문역길 7
629,양평점,경기도,양평군,경기도 양평군 양평읍 중앙로167번길 62
630,양학점,경상북도,포항시북구,경상북도 포항시북구 양학로32번길 9-1
631,어양점,전라북도,익산시,전라북도 익산시 고봉로18길 107(어양동)
632,언양점,울산광역시,울주군,울산광역시 울주군 언양읍 읍성로 40
633,엄사금암점,충청남도,계룡시,충청남도 계룡시 엄사면 번영2길 4-41 101호
634,엄정점,충청북도,충주시,충청북도 충주시 엄정면 내창로 205
635,에코점,인천광역시,남동구,인천광역시 남동구 앵고개로815번 19
636,여월점,경기도,부천시오정구,경기도 부천시오정구 삼작로302번길 21-3
637,여의도점,서울특별시,영등포구,"서울특별시 영등포구 63로 45, 2,3,4동 1층 117호 (여의도동, 여의도시범아파트)"
638,여주점,경기도,여주시,경기도 여주시 여흥로 97
639,역곡1점,경기도,부천시원미구,경기도 부천시원미구 역곡로 61 (역곡동)
640,연남동점,서울특별시,마포구,서울특별시 마포구 연남로 41(연남동)
641,연동점,제주특별자치도,제주시,제주특별자치도 제주시 연동1길 10
642,연무대점,충청남도,논산시,충청남도 논산시 연무읍 안심로 127
643,연봉점,강원도,홍천군,강원도 홍천군  홍천읍 무궁화로 88
644,연성점,경기도,시흥시,"경기도 시흥시 인선길 100, 107호(장곡동, 연성프라자)"
645,연수3점,인천광역시,연수구,"인천광역시 연수구 함박뫼로 100, 107호"
646,연수6점,인천광역시,연수구,"인천광역시 연수구 샘말로 106-7(연수동, 1층 일부)"
647,연수동점,충청북도,충주시,충청북도 충주시 연원로 28(연수동)
648,연수주공점,인천광역시,연수구,"인천광역시 연수구 원인재로 315, 103호"
649,연지점,경기도,안성시,경기도 안성시 혜산로 14-1
650,연천점,경기도,연천군,경기도 연천군 연천읍 연천로 262
651,연풍점,경기도,파주시,경기도 파주시 파주읍 술이홀로 449
652,연풍점(충북),충청북도,괴산군,충청북도 괴산군 연풍면 향교로 28
653,염창동점,서울특별시,강서구,"서울특별시 강서구 공항대로71길  54, 105호(염창동,태진한솔상가)"
654,영광점,전라남도,영광군,전라남도 영광군 영광읍 중앙로 115
655,영덕점,경상북도,영덕군,경상북도 영덕군 영덕읍 중앙길 120-3
656,영동아파트점,서울특별시,강남구,"서울특별시 강남구 역삼로64길 11, 1층(대치동)"
657,영등포점,서울특별시,영등포구,"서울특별시 영등포구 양산로 137, 1층(당산동3가)"
658,영산점,경상남도,창녕군,경상남도 창녕군 영산면 서리상촌길 321
659,영어마을점,제주특별자치도,서귀포시,제주특별자치도 서귀포시 대정읍 보성리 2476
660,영오점,경상남도,고성군,경상남도 고성군 영오면 영회로 514
661,영운동점,충청북도,청주시상당구,충청북도 청주시상당구 영운로 34-1(영운동)
662,영월삼호점,강원도,영월군,"강원도 영월군 영월읍 단종로 88, 102호 삼호상가"
663,영월점,강원도,영월군,강원도 영월군 영월읍 은행나무길 19
664,영주지사, ,,
665,영주풍기점,경상북도,영주시,경상북도 영주시 풍기읍 풍기로 49-1
666,영천시장점,서울특별시,서대문구,서울특별시 서대문구 통일로 175
667,영통2점,경기도,수원시영통구,경기도 수원시영통구 영통로 498 상가동 106호
668,예산1점,충청남도,예산군,충청남도 예산군 예산읍 천변로 179
669,예산2점,충청남도,예산군,충청남도 예산군 예산읍 역전로 70
670,예천점,경상북도,예천군,경상북도 예천군 예천읍 남본리 222-2
671,오류1점,서울특별시,구로구,"서울특별시 구로구 고척로1길 5, 1층 (오류동)"
672,오목천점,경기도,수원시권선구,경기도 수원시권선구 삼천병마로 1592번길 3(오목천동)
673,오산1점,경기도,오산시,경기도 오산시 오산로 190번 24
674,오산2점,경기도,오산시,경기도 오산시 오산로 226번 18(원동)
675,오성점,경기도,평택시,경기도 평택시 오성면 숙성시장길 36
676,오정점,경기도,부천시오정구,"경기도 부천시오정구 오정로 244번 45, (오정동,1층)"
677,오창점,충청북도,청주시청원구,충청북도 청주시청원구 주성2길 25-2
678,오천원동점,경상북도,포항시남구,경상북도 포항시남구 오천읍 냉천로302번길 51
679,오포점,경기도,광주시,경기도 광주시 오포읍 오포로 886-1
680,오학점,경기도,여주시,"경기도 여주시 현암2길  28-11, 1층8호(현암동, 삼진아파트)"
681,옥산점,경상북도,경산시,경상북도 경산시 성암로10길 2-12(옥산동)
682,옥수동점,서울특별시,성동구,"서울특별시 성동구 독서당로39길 48, 1층 (옥수동)"
683,옥정점,경기도,양주시,"경기도 양주시 옥정동로5다길 12, 1층(옥정동)"
684,옥천점(충북),충청북도,옥천군,충청북도 옥천군 옥천읍 금장로 53
685,옥포1점,경상남도,거제시,"경상남도 거제시 옥포로 282, 104동지하층101호"
686,온수리점,인천광역시,강화군,인천광역시 강화군 길상면 강화동로 8-1
687,온양1점,충청남도,아산시,충청남도 아산시 충무로94번길 9
688,와룡점,대구광역시,달서구,대구광역시 달서구 이곡동로 32
689,와수리점,강원도,철원군,강원도 철원군  서면 와수로 168-1
690,왕십리점,서울특별시,성동구,서울특별시 성동구 무학봉15길 23
691,왜관점,경상북도,칠곡군,경상북도 칠곡군 왜관읍 구상길 180-1 삼성A104
692,외도점,제주특별자치도,제주시,제주특별자치도 제주시 우정로16길 31
693,외동모화점,경상북도,경주시,경상북도 경주시 외동읍 모화공단길14-2
694,용강점,경상북도,경주시,경상북도 경주시 승삼1길 6-10
695,용담점,제주특별자치도,제주시,"제주특별자치도 제주시 욤담로 94, 1층"
696,용산점,충청북도,충주시,"충청북도 충주시 금붕9길 3, 106호(용산동)"
697,용상점,경상북도,안동시,경상북도 안동시 용상동 1242
698,용연점,충청남도,아산시,충청남도 아산시 배방읍 용연로 36
699,용운점,대전광역시,동구,대전광역시 동구 용운로 144
700,용원점,경상남도,창원시진해구,경상남도 창원시진해구 용재로29번길 5-17
701,용이점,경기도,평택시,경기도 평택시 현신1길 33-5
702,용인구성점,경기도,용인시기흥구,경기도 용인시기흥구 구성로 176(언남동)
703,용인시청점,경기도,용인시처인구,경기도 용인시처인구 중부대로 1142-1
704,용전점,대전광역시,대덕구,대전광역시 대덕구 홍도로 114번길 1
705,용현1호점,인천광역시,미추홀구,인천광역시 미추홀구 인주대로174번 36
706,용현2호점,인천광역시,미추홀구,인천광역시 미추홀구 낙섬중로 11(용현동)
707,용현점,경기도,의정부시,"경기도 의정부시 충의로57번길 7-3(용현동, 1층)"
708,용호점,부산광역시,남구,"부산광역시 남구 용호로42번길 104(용호동,1층)"
709,용화점,충청남도,아산시,충청남도 아산시 시민로258번길 3-21
710,우만.지동점,경기도,수원시팔달구,경기도 수원시팔달구 창룡대로150번 55(우만동)
711,우산동보점,강원도,원주시,강원도 원주시 진광길 30(우산동)
712,우암점,충청북도,청주시청원구,충청북도 청주시청원구 향군로 20(우암동)
713,우창점,경상북도,포항시북구,경상북도 포항시북구 아치로 15
714,우천점,강원도,횡성군,강원도 횡성군 우천면 수남로 333
715,운남삼성점,광주광역시,광산구,광주광역시 광산구 임방울대로 142-12
716,운정1점,경기도,파주시,"경기도 파주시 미래로 603, 상가동 203호(목동동)"
717,운정2점,경기도,파주시,"경기도 파주시 동패로 115, 상가동 122호"
718,운천점,경기도,포천시,경기도 포천시 영북면 운천로 10
719,울산신정1점,울산광역시,남구,울산광역시 남구 봉월로164번길 4
720,울진점,경상북도,울진군,경상북도 울진군 울진읍 울진중앙로 50
721,원곡동점,경기도,안산시단원구,"경기도 안산시단원구 원선로 55, 104호(원곡동)"
722,원당지구점,인천광역시,서구,"인천광역시 서구 원당대로 866, 103호"
723,원동일산점,강원도,원주시,"강원도 원주시 무실로 96, 1층 (일산동)"
724,원북점,충청남도,태안군,충청남도 태안군 원북면 원이로 837
725,원앙마을점,충청남도,천안시동남구,충청남도 천안시동남구 목천읍 삼성5길 46
726,원종3점,경기도,부천시오정구,경기도 부천시오정구 원종로 7
727,원주지사,테스트,테스트구,테스트 테스트구 테스트점 23-123
728,원천점,경기도,수원시영통구,경기도 수원시영통구 동탄원천로110 42
729,원통점,강원도,인제군,강원도 인제군  북면 금강로 46
730,월계삼호점,서울특별시,노원구,서울특별시 노원구 마들로 127 삼호4차 상가
731,월곡2점,서울특별시,성북구,서울특별시 성북구 월곡로 112
732,월봉점,충청남도,천안시서북구,충청남도 천안시서북구 월봉로 79
733,월피주공점,경기도,안산시상록구,"경기도 안산시상록구 예술광장1로 7, 주공상가 107호"
734,위미점,제주특별자치도,서귀포시,제주특별자치도 서귀포시 남원읍 위미중앙로 204
735,유구점,충청남도,공주시,충청남도 공주시 유구읍 중앙1길 88
736,유림점,경상남도,함양군,경상남도 함양군 유림면 천왕봉로 2867
737,유성1점,대전광역시,유성구,대전광역시 유성구 계룡로60번길 60-2
738,유성2점,대전광역시,유성구,대전광역시 유성구 유성대로 745
739,유천2점,대전광역시,중구,대전광역시 중구 계백로 1626-1
740,유천점,대전광역시,중구,대전광역시 중구 문화로 71-1
741,율도점,인천광역시,서구,인천광역시 서구 새오개로 75
742,율량점,충청북도,청주시청원구,충청북도 청주시청원구 공항로 114
743,율암온천점,경기도,화성시,경기도 화성시 팔탄면 온천로 454
744,율하점,대구광역시,동구,대구광역시 동구 율하동로12길 12(율하동)
745,으뜸점,광주광역시,서구,광주광역시 서구 상무공원로 112 해광한신아파트상가 113호
746,은빛점,경기도,고양시덕양구,경기도 고양시덕양구 화중로130번길 5-19
747,은행나무점,서울특별시,금천구,서울특별시 금천구 탑골로 17
748,은행점,경기도,성남시중원구,경기도 성남시중원구 산성대로582번 14. 1층(은행동)
749,은행택지점,경기도,시흥시,"경기도 시흥시 은행로 107, 상가1동 1202호"
750,음봉점,충청남도,아산시,충청남도 아산시 음봉면 산동안길 10
751,음성점,충청북도,음성군,충청북도 음성군 음성읍 시장로 95
752,응암1점,서울특별시,은평구,서울특별시 은평구 응암로 247(응암동)
753,의당신한점,충청남도,공주시,충청남도 공주시 의당면 연수원길 115-2 102호
754,의정부지사, ,,
755,이대점,서울특별시,마포구,"서울특별시 마포구 숭문16길 6, 1층(염리동)"
756,이동점,경기도,포천시,경기도 포천시 이동면 화동로 2105
757,이매점,경기도,성남시분당구,경기도 성남시분당구 이매로 54 이매촌분산상가 101호
758,이수점,충청남도,천안시서북구,충청남도 천안시서북구 한들1로 58
759,이원점,충청북도,옥천군,충청북도 옥천군 이원면 신흥1길 5
760,이월점,충청북도,진천군,충청북도 진천군 이월면 진광로 789-1
761,이주단지점,충청남도,당진시,충청남도 당진시 송악읍 신복운로6길 7(1층)
762,이천중앙점,경기도,이천시,경기도 이천시 서희로 37(중리동)
763,이천현대점,경기도,이천시,경기도 이천시 부발읍 경충대로2110번길 14
764,이포점,경기도,여주시,경기도 여주시 금사면 이포로 60
765,이화동점,서울특별시,종로구,서울특별시 종로구 대학로 52(연건동)
766,인계점,경기도,수원시팔달구,경기도 수원시팔달구  권광로 317번길
767,인덕원점,경기도,안양시동안구,"경기도 안양시동안구 흥안대로517번 49, 1층(관양동)"
768,인동점,경상북도,구미시,경상북도 구미시 인동중앙로 3길 38-4
769,인동점(대전),대전광역시,동구,대전광역시 동구 충무로 229
770,인월점,전라북도,남원시,전라북도 남원시 인월면 인월장터로 9-1
771,인제점,강원도,인제군,강원도 인제군  인제읍 비봉로 3
772,인제현리점,강원도,인제군,강원도 인제군  기린면 기린로 19
773,인창점,경기도,구리시,경기도 구리시 건원대로99번길 54
774,인천남부점,인천광역시,남동구,"인천광역시 남동구 성리로35번길 20-1(구월동, 1층)"
775,인천남촌점,인천광역시,남동구,인천광역시 남동구 남촌동로 52-1
776,인천지사, ,,
777,일도점,제주특별자치도,제주시,제주특별자치도 제주시 천수로 25-1
778,일동점,경기도,포천시,경기도 포천시 일동면 화동로 1073
779,일신점,인천광역시,부평구,인천광역시 부평구 일신로 11
780,일원동점,서울특별시,강남구,"서울특별시 강남구 일원로3길 69, 1층 102호 (일원동)"
781,임계점,강원도,정선군,강원도 정선군  임계면 송계5길 5
782,임광점,경기도,수원시영통구,경기도 수원시영통구 권선로 792 (매탄동)
783,임천점,충청남도,부여군,충청남도 부여군 임천면 성흥로 94-1
784,입암동점,강원도,강릉시,강원도 강릉시 성덕포남로 89-10
785,자양1점,서울특별시,광진구,"서울특별시 광진구 자양로13다길 47(자양동, 1층)"
786,자양3점,서울특별시,광진구,서울특별시 광진구 뚝섬로 693
787,자양점,대전광역시,동구,대전광역시 동구 동대전로 228
788,자유점,강원도,원주시,강원도 원주시 자유시장길 7
789,작전1점,인천광역시,계양구,"인천광역시 계양구 주부토로 468(작전동, 상가동1층6호)"
790,잠실새마을점,서울특별시,송파구,"서울특별시 송파구 백제고분로7길 39, 1층 106호(잠실동,고려빌딩)"
791,장계점,전라북도,장수군,전라북도 장수군 장계면 한들로 81
792,장기1점,경기도,김포시,"경기도 김포시 초당로61번길 21, 103호"
793,장기월드점,경기도,김포시,"경기도 김포시 전원로 32, 116호(장기동, 월드상가)"
794,장락고암점,충청북도,제천시,충청북도 제천시 신죽하로 83-24(장락동)
795,장량점,경상북도,포항시북구,경상북도 포항시북구 장량로87번길 6-15
796,장림점,부산광역시,사하구,부산광역시 사하구 장림시장4길 63
797,장미점,서울특별시,송파구,서울특별시 송파구 올림픽로35길 104
798,장성점,강원도,태백시,강원도 태백시 장성시장1길 3(장성동)
799,장수점,경상북도,영주시,경상북도 영주시 장수면 장수로 48
800,장암주공점,경기도,의정부시,경기도 의정부시 회룡로 223 (장암주공5단지아파트)
801,장양리점,강원도,원주시,강원도 원주시 소초면 장막1길 7
802,장위동점,서울특별시,성북구,서울특별시 성북구 장월로 90
803,장유점,경상남도,김해시,경상남도 김해시 장유로312 
804,장평점,경상남도,거제시,경상남도 거제시 장평3로4길 24
805,장항점,충청남도,서천군,충청남도 서천군 장항읍 장항로 125-1
806,장현점,경기도,남양주시,경기도 남양주시 진접읍 봉현로36번길 12
807,장호원점,경기도,이천시,경기도 이천시 장호원읍 샘재로147번길 26
808,장흥관산점,전라남도,장흥군,전라남도 장흥군 관산읍 관산로 119-1
809,장흥점,전라남도,장흥군,전라남도 장흥군 장흥읍 동교3길 8
810,전곡터미널점,경기도,연천군,경기도 연천군 전곡읍 온골로 56
811,전남금산점,전라남도,고흥군,전라남도 고흥군 금산면 상하촌길 24-1
812,전대리점,경기도,용인시처인구,경기도 용인시처인구 포곡읍 전대로78번길 3-1
813,전대점,광주광역시,북구,광주광역시 북구 서양로 46
814,전민점,대전광역시,유성구,"대전광역시 유성구 전민로10번길 49(전민동, 1층)"
815,전북지사, ,,
816,전하점,울산광역시,동구,울산광역시 동구 전하로 29 (전하동)
817,점동점,경기도,여주시,경기도 여주시 점동면 청안로 136
818,정관점,부산광역시,기장군,부산광역시 기장군 정관읍모전3길 37
819,정남점,경기도,화성시,경기도 화성시 정남면 괘량리 1048-3
820,정릉점,서울특별시,성북구,서울특별시 성북구 북악산로 858
821,정릉행복점,서울특별시,성북구,서울특별시 성북구 솔샘로6길 60
822,정림점,대전광역시,서구,대전광역시 서구 정림로10번길 15-24
823,정산점,충청남도,청양군,충청남도 청양군 정산면 정현길 65
824,정선점,강원도,정선군,강원도 정선군 정선읍 정선로 1352
825,정자점,경기도,성남시분당구,"경기도 성남시분당구  황새울로116번길28, 1층(정자동)"
826,정자점(수원),경기도,수원시장안구,경기도 수원시장안구 장안로 183
827,제물포점,인천광역시,미추홀구,인천광역시 미추홀구 장천로112번길 10 1층
828,제부도점,경기도,화성시,경기도 화성시 서신면 해안길 240-1
829,제주동문점,제주특별자치도,제주시,제주특별자치도 제주시 동문로 35-1(일도일동)
830,제주지사, ,,
831,제천역전점,충청북도,제천시,충청북도 제천시 내토로 435-1
832,조암점,경기도,화성시,경기도 화성시 우정읍 조암서로22번길 21
833,조양동점,강원도,속초시,강원도 속초시 동해대로 3998(조양동)
834,조원점,경기도,수원시장안구,경기도 수원시장안구 조원로89번길 31
835,조치원2점,세종특별자치시,조치원읍,"세종특별자치시  조치원읍 새내로 65-1, 1층"
836,조치원3점,세종특별자치시,조치원읍,세종특별자치시  조치원읍 충현로 159 욱일@상가B07호
837,종로낙원점,서울특별시,종로구,서울특별시 종로구 삼일대로 434-1
838,주곡리점,경기도,화성시,경기도 화성시 우정읍 주곡리 564-15
839,주공1점,경기도,평택시,경기도 평택시 평택2로 108 (비전동)
840,주교점,충청남도,보령시,충청남도 보령시 주교면  올레큰길 385
841,주덕점,충청북도,충주시,충청북도 충주시 주덕읍 신양로 109
842,주문진점,강원도,강릉시,강원도 강릉시  주문진읍 주문로 117
843,주안2동점,인천광역시,미추홀구,인천광역시 미추홀구 경인로326번길 49
844,주안점,인천광역시,미추홀구,인천광역시 미추홀구 염창로 84-3
845,주원점,인천광역시,미추홀구,인천광역시 미추홀구 경인로504번길 6-4
846,주천점,강원도,영월군,"강원도 영월군 주천면 주천로 88-1, 2층"
847,주촌점,경상남도,김해시,경상남도 김해시 주촌면 주선로 76
848,죽림점,경상남도,통영시,"경상남도 통영시 광도면 죽림1로 17-37, 102호(용문빌딩1층)"
849,죽변점,경상북도,울진군,경상북도 울진군 죽변면 죽변북로 59
850,죽산점,경기도,안성시,경기도 안성시 죽산면 죽주로 283
851,죽전점,경기도,용인시수지구,"경기도 용인시수지구 대지로 62, 104(죽전동)"
852,죽정점,충청남도,보령시,충청남도 보령시 현대로 9
853,줄포점,전라북도,부안군,전라북도 부안군 줄포면 줄포중앙로 63
854,중곡1점,서울특별시,광진구,"서울특별시 광진구 용마산로7길 20(중곡동, 1층)"
855,중곡2점,서울특별시,광진구,서울특별시 광진구 면목로 184 (중곡동)
856,중동1점,경기도,부천시원미구,경기도 부천시원미구 부일로 340
857,중리점(대전),대전광역시,대덕구,대전광역시 대덕구 중리남로 20
858,중마점,전라남도,광양시,전라남도 광양시 광장로 112-11
859,중문점,제주특별자치도,서귀포시,제주특별자치도 서귀포시 천제연로185번 3-1
860,중산점,경기도,고양시일산동구,경기도 고양시일산동구 탄중로 416 상가 109
861,중화산동점,전라북도,전주시완산구,"전라북도 전주시완산구 따박골2길 3(중화산동2가, 1층)"
862,중흥리점,충청남도,당진시,충청남도 당진시 송악읍 송악로 685
863,중흥설악점,경기도,부천시원미구,경기도 부천시원미구 계남로 196 주공상가 2층
864,증산동점,서울특별시,은평구,서울특별시 은평구 증산서길 152(증산동)
865,증평점,충청북도,증평군,충청북도 증평군 증평읍 중앙로173
866,지경리점,강원도,철원군,강원도 철원군 김화읍 청양로84
867,지곡점,충청남도,서산시,충청남도 서산시 지곡면 충의로 762-78
868,지리산온천점,전라남도,구례군,전라남도 구례군 산동면 하관1길 26
869,지원점,광주광역시,동구,광주광역시 동구 남문로 592
870,지평점,경기도,양평군,경기도 양평군 지평면 지평의병로 96
871,직산부영점,충청남도,천안시서북구,충청남도 천안시서북구 직산읍 군수1길 10 부영아파트상가 107호
872,직산점,충청남도,천안시서북구,충청남도 천안시서북구 직산읍 봉주로 23
873,진달래마을점,경기도,부천시원미구,"경기도 부천시원미구 길주로121번길 18-15, 1층 (상동, 우리프라자)"
874,진달래점,서울특별시,강남구,서울특별시 강남구 언주로 313
875,진량점,경상북도,경산시,경상북도 경산시 진량읍 황제1길 86-25 창신황제상가 203호 
876,진보점,경상북도,청송군,경상북도 청송군 진보면 진안리 384-4
877,진부점,강원도,평창군,강원도 평창군  진부면 진부중앙로 70
878,진우점,강원도,원주시,"강원도 원주시 현충로 272, 101호(태장동)"
879,진잠점,대전광역시,유성구,대전광역시 유성구 진잠로66번길 46
880,진주대곡점,경상남도,진주시,경상남도 진주시 대곡면 진의로1079번길13
881,진천대곡점,대구광역시,달서구,대구광역시 달서구 상화로21길 49
882,진천점,충청북도,진천군,"충청북도 진천군 진천읍 문화로 237-18, 101호"
883,진하점,울산광역시,울주군,울산광역시 울주군 서생면 깨목길 28
884,참이슬점,경기도,평택시,경기도 평택시 참이슬길 16
885,창녕점,경상남도,창녕군,경상남도 창녕군 창녕읍 명덕로 48
886,창동역점,서울특별시,도봉구,서울특별시 도봉구 노해로63다길 6 1층 103호
887,창현점,경기도,남양주시,경기도 남양주시 화도읍 수레로 1234-26
888,천도리점,강원도,인제군,강원도 인제군 서화면 천도로94번길 1
889,천리점,경기도,용인시처인구,경기도 용인시처인구 이동면 백옥대로 623
890,천마점,경기도,남양주시,경기도 남양주시 화도읍 멋갓로28번길 39-2
891,천북점,충청남도,보령시,충청남도 보령시 천북면 하궁길 2
892,천안3점,충청남도,천안시동남구,충청남도 천안시동남구 봉정로 18
893,천안4점,충청남도,천안시동남구,충청남도 천안시동남구 중앙로 67
894,천안7단지점,충청남도,천안시서북구,충청남도 천안시서북구 쌍용11길 57
895,천안백석점,충청남도,천안시서북구,충청남도 천안시서북구 백석5길 23-1
896,천안신당점,충청남도,천안시서북구,충청남도 천안시서북구 천안대로 1220
897,천안신방점,충청남도,천안시동남구,충청남도 천안시동남구 서부대로  257-8
898,천안청룡점,충청남도,천안시동남구,충청남도 천안시동남구 구성2길 1(구성동)
899,천왕점,서울특별시,구로구,서울특별시 구로구 천왕로 56 천왕이펜하우스3단지 상가 1층 102호
900,천천2점,경기도,수원시장안구,경기도 수원시장안구 화산로 57 꽃뫼버들마을진흥아파트
901,천호점,서울특별시,강동구,"서울특별시 강동구 천중로18길 53, 1층 (천호동)"
902,철산2점,경기도,광명시,경기도 광명시 시청로 75-1
903,첨단점,광주광역시,광산구,광주광역시 광산구 산월로 64
904,청당점,충청남도,천안시동남구,충청남도 천안시동남구 청수10길 12
905,청도점,경상북도,청도군,경상북도 청도군 청도읍 청화로 202-2
906,청라2점,인천광역시,서구,인천광역시 서구 청라동  청라루비로144번길 6-6
907,청라점,충청남도,보령시,충청남도 보령시 청라면 당안길1
908,청라호수공원점,인천광역시,서구,인천광역시 서구 보석로11번길  12
909,청량리점,서울특별시,동대문구,"서울특별시 동대문구 왕산로 247, 1층(청량리동)"
910,청룡동점,서울특별시,관악구,"서울특별시 관악구 청룡길 20, 1층(봉천동)"
911,청림점,경상북도,포항시남구,경상북도 포항시남구 청림서길 29
912,청북신도시점,경기도,평택시,경기도 평택시 청북면 안청로 312-23
913,청북점,경기도,평택시,경기도 평택시 청북면 현곡2길 3
914,청양점,충청남도,청양군,충청남도 청양군 청양읍 중앙로 112-1
915,청일점,강원도,횡성군,강원도 횡성군 청일면 유동로 18
916,청주용암점,충청북도,청주시상당구,충청북도 청주시상당구 무농정로3번길 36(용암동)
917,청천2점,인천광역시,부평구,인천광역시 부평구 청중로 65
918,청평점,경기도,가평군,경기도 가평군 청평면 시장중앙로8-6
919,청풍점,충청북도,제천시,"충청북도 제천시 청풍면 청풍호로58길, 10-16"
920,초가점,경기도,포천시,"경기도 포천시 소흘읍 검바위길 84, 상가동 1층 112호(상운아파트)"
921,초계점,경상남도,합천군,경상남도 합천군 초계면 초계2길 12-7
922,초원점,충청남도,아산시,충청남도 아산시 고불로 669
923,초월점,경기도,광주시,경기도 광주시 초월읍 경충대로 1043
924,초지1점,경기도,안산시단원구,"경기도 안산시단원구 초지2로 67-7, 한양타워 114호"
925,총신대점,서울특별시,동작구,서울특별시 동작구 사당로 168
926,추풍령점,충청북도,영동군,충청북도 영동군 추풍령면 신안로 52-1
927,축산점,경상북도,영덕군,경상북도 영덕군 축산면 축산리 86-18
928,춘천명동점,강원도,춘천시,강원도 춘천시 금강로 76(조양동)
929,춘천터미널점,강원도,춘천시,강원도 춘천시 공지로 458(근화동)
930,춘천팔호광장점,강원도,춘천시,강원도 춘천시 효자로 154(효자동)
931,충남덕산점,충청남도,예산군,충청남도 예산군 덕산면 봉운로 55
932,충청지사, ,,
933,충효점,경상북도,경주시,경상북도 경주시 충효중앙길 65(충효동)
934,칠곡2점,대구광역시,북구,대구광역시 북구 태암로18길 27
935,칠금점,충청북도,충주시,"충청북도 충주시 금릉로 45, 109(칠금동, 현대아파트상가동)"
936,칠보점,경기도,수원시권선구,경기도 수원시권선구 매실로 57 1층 108호(호매실동)
937,칠성점,대구광역시,북구,대구광역시 북구 칠성로15길 8
938,침산점,대구광역시,북구,대구광역시 북구 침산남로7길 50-10
939,탄방점,대전광역시,서구,대전광역시 서구 탄방로 25
940,탄현점,경기도,고양시일산서구,경기도 고양시일산서구 탄현로 74
941,태백점,강원도,태백시,강원도 태백시 먹거리길 66
942,태백주공점,강원도,태백시,강원도 태백시 감천로 28(황지동)
943,태안점,충청남도,태안군,충청남도 태안군 태안읍 시장2길 42
944,태장점,강원도,원주시,강원도 원주시 북원로 2696(태장동)
945,태전동점,경기도,광주시,경기도 광주시 태봉로 31-3 105호(태전동)
946,태평2점,대전광역시,중구,대전광역시 중구 동서대로 1238
947,태평상가점,인천광역시,계양구,인천광역시 계양구 용종로 14
948,태평점,경기도,성남시수정구,"경기도 성남시수정구 남문로102번길 1(태평동, 1층)"
949,테스트,16,테스트,16  테스트 테스트
950,테크노밸리점,충청남도,서산시,충청남도 서산시 성연면 일람리 1123
951,테크노점,충청북도,청주시흥덕구,"충청북도 청주시흥덕구 송화로166번길 7-9, 1층 102호"
952,테크노점(아산),충청남도,아산시,충청남도 아산시 둔포면 아산밸리로 298
953,토곡점,부산광역시,연제구,부산광역시 연제구 과정로265번길 78
954,통영1점,경상남도,통영시,"경상남도 통영시 중앙로 255 106호(북신동,동우상가)"
955,통영2점,경상남도,통영시,경상남도 통영시 도천상가안길 60 영생상가나동111호
956,퇴계동점,강원도,춘천시,"강원도 춘천시 행촌로32번길 5-6, 1층(퇴계동)"
957,퇴계원점(남양주),경기도,남양주시,"경기도 남양주시 퇴계원면 경춘북로520번길 4, 1층2호"
958,퇴계주공점,강원도,춘천시,강원도 춘천시 지석로 74-11 A13(퇴계동)
959,퇴촌점,경기도,광주시,경기도 광주시 퇴촌면 광동로 97
960,파동점,대구광역시,수성구,대구광역시 수성구 파동로 99
961,파인힐(공단점),경기도,시흥시,경기도 시흥시 마유로 226 120호
962,파장2점,경기도,수원시장안구,"경기도 수원시장안구 파장천로44번길 88, 1층(파장동)"
963,파장점,경기도,수원시장안구,경기도 수원시장안구 파장로 79
964,판암2점,대전광역시,동구,대전광역시 동구 동부로  55-58 6단지상가 101
965,팽성점,경기도,평택시,경기도 평택시 팽성읍 안정쇼핑로 77-2
966,평내점,경기도,남양주시,경기도 남양주시 경춘로 1302
967,평리점,대구광역시,서구,대구광역시 서구 서대구로41길 7
968,평원점,강원도,원주시,강원도 원주시 평원로 67(평원동)
969,평창점(강원),강원도,평창군,강원도 평창군  평창읍 평창중앙로 84
970,평촌3점,경기도,안양시동안구,경기도 안양시동안구 관평로 227 한가람상가 103호
971,평촌5점,경기도,안양시동안구,"경기도 안양시동안구 동안로 2.109(호계동,무궁화진흥아파트상가)"
972,평택1점,경기도,평택시,"경기도 평택시 중앙로 19(통복동, 2층)"
973,평택법원점,경기도,평택시,경기도 평택시 평남로 1056 1층
974,평택지산점,경기도,평택시,경기도 평택시 지산로 82
975,포남동점,강원도,강릉시,강원도 강릉시  강릉대로527번 15(포남동)
976,포남로얄점,강원도,강릉시,강원도 강릉시  경강로 2265(포남동)
977,포도원점,경기도,안양시동안구,경기도 안양시동안구 포도원로 6
978,포승점,경기도,평택시,경기도 평택시 포승읍 서동대로 1155
979,포천점,경기도,포천시,경기도 포천시 중앙로 184
980,포항장성점,경상북도,포항시북구,경상북도 포항시북구 성실로 38
981,포항터미널점,경상북도,포항시남구,경상북도 포항시남구 중섬로 25(대잠동)
982,풍납점,서울특별시,송파구,서울특별시 송파구 풍성로 24(풍납동)
983,풍동식사점,경기도,고양시일산동구,"경기도 고양시일산동구 숲속마을2로 100, 1층101호(풍동)"
984,풍무2점,경기도,김포시,"경기도 김포시 풍무로 51, 101호(풍무동)"
985,하남신도시점,경기도,하남시,경기도 하남시 천현로 73
986,하남점,광주광역시,광산구,광주광역시 광산구 산정로 41
987,하늘도시점,인천광역시,중구,인천광역시 중구 하늘달빛로 80 
988,하당동아점,전라남도,목포시,전라남도 목포시 신흥로45번길 9
989,하당부영점,전라남도,목포시,전라남도 목포시 삼향천로91번길 26
990,하대원점,경기도,성남시중원구,"경기도 성남시중원구 마지로155번길 25-7(하대원동,1층)"
991,하동점,경상남도,하동군,경상남도 하동군 하동읍 중앙2길12
992,하북점,경기도,평택시,경기도 평택시 진위면 하북4길 3
993,하성점,경기도,김포시,경기도 김포시 하성면 애기봉로806번길 67
994,하소동점,충청북도,제천시,충청북도 제천시 용두대로21길 9(하소동)
995,하안1점,경기도,광명시,"경기도 광명시 안현로 19(하안동, 단지상가 111호)"
996,하안5점,경기도,광명시,경기도 광명시 가림로 38
997,하안7점,경기도,광명시,경기도 광명시 금당로 11-24
998,하안9점,경기도,광명시,경기도 광명시 안현로 51
999,학다리점,강원도,홍천군,강원도 홍천군  홍천읍 꽃뫼로 120
1000,학성점,강원도,원주시,강원도 원주시 천사로 164(일산동)
1001,학익점,인천광역시,미추홀구,인천광역시 미추홀구 한나루로 465
1002,학장점,부산광역시,사상구,부산광역시 사상구 학감대로 129
1003,한대역점,경기도,안산시상록구,"경기도 안산시상록구 용신로 246, 101호"
1004,한림점,제주특별자치도,제주시,제주특별자치도 제주시 한림중앙로 3-1
1005,한솔새롬점,세종특별자치시,새롬북로,세종특별자치시  새롬북로 13
1006,한신점,인천광역시,서구,인천광역시 서구 서곶로 12 한신종합상가 208호
1007,한아름점,경기도,부천시원미구,경기도 부천시원미구 부흥로 100
1008,한주점,경기도,의정부시,경기도 의정부시 평화로322번길 18(호원동)
1009,함백점,강원도,정선군,강원도 정선군  신동읍 함백로 319
1010,함양점,경상남도,함양군,경상남도 함양군 함양읍 용평길 5
1011,함평점,전라남도,함평군,전라남도 함평군 함평읍 광남길 83
1012,합덕점,충청남도,당진시,충청남도 당진시 합덕읍 합덕시장로 176
1013,합정동점,서울특별시,마포구,서울특별시 마포구 포은로 52(합정동)
1014,해남점,전라남도,해남군,전라남도 해남군 해남읍 중앙1로 98
1015,해미점,충청남도,서산시,충청남도 서산시 해미면 남문5로 4
1016,해방촌점,서울특별시,용산구,서울특별시 용산구 소월로20길 28-1
1017,해운대좌동주공2,부산광역시,해운대구,부산광역시 해운대구 좌동순환로 118 주공2단지 분산상가 나-105
1018,향남점,경기도,화성시,경기도 화성시 향남읍 향남로 430-16
1019,혁신점,강원도,원주시,"강원도 원주시 건강로 17-3, 101호(반곡동 치악프라자)"
1020,혁신점(충북),충청북도,진천군,"충청북도 진천군 덕산읍 시가로 46,  113호"
1021,현리점,경기도,가평군,"경기도 가평군 조종면 현창로 50, 1층"
1022,호계사거리점,경기도,안양시동안구,경기도 안양시동안구 경수대로507번 13
1023,호원점,경기도,의정부시,경기도 의정부시 신흥로 119번길 54
1024,홍도점,대전광역시,동구,대전광역시 동구 홍도로 20
1025,홍성2점,충청남도,홍성군,충청남도 홍성군 홍성읍 조양로 190
1026,홍성주공점,충청남도,홍성군,충청남도 홍성군 홍성읍 문화로72번길 92
1027,홍은동점,서울특별시,서대문구,서울특별시 서대문구 모래내로 364(홍은동)
1028,홍익대점,서울특별시,마포구,"서울특별시 마포구 독막로22길 21, 1층101호(창전동)"
1029,홍익점,경기도,안성시,경기도 안성시 금광면 종합운동장로 132
1030,화곡1점,서울특별시,강서구,"서울특별시 강서구 월정로28길 28, 1층4호 (화곡동)"
1031,화봉.연암점,울산광역시,북구,울산광역시 북구 송내1길 18(화봉동)
1032,화북점,제주특별자치도,제주시,제주특별자치도 제주시 진동로3길 34
1033,화서점,경기도,수원시팔달구,경기도 수원시팔달구 팔달로127번길 16-4(화서동)
1034,화성마도점,경기도,화성시,경기도 화성시 마도면 석교로 171
1035,화성시청점,경기도,화성시,경기도 화성시 남양읍 역골로 3-20 
1036,화순점,전라남도,화순군,전라남도 화순군 화순읍 광덕로 142
1037,화양동점,서울특별시,광진구,"서울특별시 광진구 능동로13길 70(화양동, 1층)"
1038,화원점,대구광역시,달성군,대구광역시 달성군 화원읍 성암로 16-38
1039,화천점,강원도,화천군,강원도 화천군  화천읍 중앙로4 13-10
1040,환호점,경상북도,포항시북구,경상북도 포항시북구 삼호로 458
1041,황간점,충청북도,영동군,충청북도 영동군 황간면 남성1길 3
1042,황성점,경상북도,경주시,경상북도 경주시 용담로92번길 43-4
1043,황제점,대구광역시,서구,대구광역시 서구 서대구로8길 58
1044,회원교방점,경상남도,창원시마산회원구,경상남도 창원시마산회원구 회원남로 39-1
1045,횡성점,강원도,횡성군,강원도 횡성군 횡성읍 태기로 35
1046,횡성중앙점,강원도,횡성군,"강원도 횡성군 횡성읍 문정로19번길, 13-3"
1047,효가리점,강원도,동해시,"강원도 동해시  청운로 71(쇄운동, 104)"
1048,효돈점,제주특별자치도,서귀포시,제주특별자치도 서귀포시 하신상로 29
1049,효성1점,인천광역시,계양구,인천광역시 계양구 아나지로 173
1050,효성2점,인천광역시,계양구,인천광역시 계양구 안남로 573번길3
1051,효성점,인천광역시,남동구,인천광역시 남동구 백범로247번길 93-26
1052,효자점(포항),경상북도,포항시남구,경상북도 포항시남구 효자로118번길 27
1053,후곡점,경기도,고양시일산서구,"경기도 고양시일산서구 강선로 140, 107(일산동, 태영상가)"
1054,후평2동점,강원도,춘천시,"강원도 춘천시 후만로 37, 1층1호(후평동, 주공6단지A)"
1055,후포점,경상북도,울진군,경상북도 울진군 후포면 후포리 623-130
1056,훼미리점,서울특별시,송파구,"서울특별시 송파구 중대로 24(문정동, 훼미리상가125호)"
1057,휴먼시아점,서울특별시,금천구,"서울특별시 금천구 금하로1가길 28 (독산동,지상1층)"
1058,흑석동점,서울특별시,동작구,서울특별시 동작구 서달로10길 14-1
1059,흥업점,강원도,원주시,강원도 원주시 흥업면 남원로 82
1060,흰돌점,경기도,고양시일산동구,경기도 고양시일산동구 일산로 11 
1061,CNTTEST,00,18,00 18 신사동 주소
